2025-09-12 22:03:52,792 WARN [main] QuestServlet [ ] -
            Quest choice ERR: fromId=12 not found, fallback to start customId=null
2025-09-12 22:03:52,798 INFO [main] QuestServlet [ ] -
            Quest choice ERR fromId=12 customId=null reason='Bad choice'
2025-09-12 22:03:52,825 WARN [main] QuestServlet [ ] -
            Quest POST: custom quest missing or deleted customId=cx
2025-09-12 22:03:52,841 INFO [main] QuestServlet [ ] -
            Quest completed userId=U1 questKey=main finalNodeId=777
2025-09-12 22:03:52,842 INFO [main] QuestServlet [ ] -
            Quest choice OK fromId=10 -> nextId=777 customId=null redirect=/quest?id=777
2025-09-12 22:03:52,853 WARN [main] QuestServlet [ ] -
            Quest POST: missing fromId customId=null
2025-09-12 22:03:52,867 INFO [main] QuestServlet [ ] -
            Quest choice OK fromId=1 -> nextId=2 customId=null redirect=/q?id=2
2025-09-12 22:03:52,876 ERROR [main] QuestServlet [ ] -
            Quest POST: next node is null fromId=5 customId=null
2025-09-12 22:03:52,883 ERROR [main] QuestServlet [ ] -
            resolveCustomService: authoring service is null
2025-09-12 22:03:52,895 DEBUG [main] QuestServlet [ ] -
            Quest GET: render node id=0 customId=null version=v1
2025-09-12 22:03:52,901 WARN [main] QuestServlet [ ] -
            Quest GET: custom quest missing or deleted customId=c-x
2025-09-12 22:03:52,909 WARN [main] QuestServlet [ ] -
            Quest GET: node not found, fallback to start customId=null requestedId=123
2025-09-12 22:03:52,910 DEBUG [main] QuestServlet [ ] -
            Quest GET: render node id=0 customId=null version=v2
2025-09-12 22:03:52,918 ERROR [main] QuestServlet [ ] -
            resolveCustomService: authoring service is null
2025-09-12 22:03:52,933 DEBUG [main] QuestServlet [ ] -
            QuestServlet init: prodService=QuestService$MockitoMock$P1Ht6THb, authoring=none, userStats=none
2025-09-12 22:03:52,940 ERROR [main] QuestServlet [ ] -
            Init failed: QuestService is not initialized
java.lang.IllegalStateException: no bean
	at com.javarush.apalinskiy.web.util.Web.ctxBean(Web.java:200)
	at com.javarush.apalinskiy.web.servlet.QuestServlet.init(QuestServlet.java:40)
	at com.javarush.apalinskiy.web.servlet.QuestServletTest$Init.lambda$should_Throw_When_QuestServiceMissing$3(QuestServletTest.java:129)
	at org.junit.jupiter.api.AssertThrows.assertThrows(AssertThrows.java:53)
	at org.junit.jupiter.api.AssertThrows.assertThrows(AssertThrows.java:35)
	at org.junit.jupiter.api.Assertions.assertThrows(Assertions.java:3115)
	at com.javarush.apalinskiy.web.servlet.QuestServletTest$Init.should_Throw_When_QuestServiceMissing(QuestServletTest.java:129)
	at java.base/jdk.internal.reflect.DirectMethodHandleAccessor.invoke(DirectMethodHandleAccessor.java:103)
	at java.base/java.lang.reflect.Method.invoke(Method.java:580)
	at org.junit.platform.commons.util.ReflectionUtils.invokeMethod(ReflectionUtils.java:728)
	at org.junit.jupiter.engine.execution.MethodInvocation.proceed(MethodInvocation.java:60)
	at org.junit.jupiter.engine.execution.InvocationInterceptorChain$ValidatingInvocation.proceed(InvocationInterceptorChain.java:131)
	at org.junit.jupiter.engine.extension.TimeoutExtension.intercept(TimeoutExtension.java:156)
	at org.junit.jupiter.engine.extension.TimeoutExtension.interceptTestableMethod(TimeoutExtension.java:147)
	at org.junit.jupiter.engine.extension.TimeoutExtension.interceptTestMethod(TimeoutExtension.java:86)
	at org.junit.jupiter.engine.execution.InterceptingExecutableInvoker$ReflectiveInterceptorCall.lambda$ofVoidMethod$0(InterceptingExecutableInvoker.java:103)
	at org.junit.jupiter.engine.execution.InterceptingExecutableInvoker.lambda$invoke$0(InterceptingExecutableInvoker.java:93)
	at org.junit.jupiter.engine.execution.InvocationInterceptorChain$InterceptedInvocation.proceed(InvocationInterceptorChain.java:106)
	at org.junit.jupiter.engine.execution.InvocationInterceptorChain.proceed(InvocationInterceptorChain.java:64)
	at org.junit.jupiter.engine.execution.InvocationInterceptorChain.chainAndInvoke(InvocationInterceptorChain.java:45)
	at org.junit.jupiter.engine.execution.InvocationInterceptorChain.invoke(InvocationInterceptorChain.java:37)
	at org.junit.jupiter.engine.execution.InterceptingExecutableInvoker.invoke(InterceptingExecutableInvoker.java:92)
	at org.junit.jupiter.engine.execution.InterceptingExecutableInvoker.invoke(InterceptingExecutableInvoker.java:86)
	at org.junit.jupiter.engine.descriptor.TestMethodTestDescriptor.lambda$invokeTestMethod$7(TestMethodTestDescriptor.java:218)
	at org.junit.platform.engine.support.hierarchical.ThrowableCollector.execute(ThrowableCollector.java:73)
	at org.junit.jupiter.engine.descriptor.TestMethodTestDescriptor.invokeTestMethod(TestMethodTestDescriptor.java:214)
	at org.junit.jupiter.engine.descriptor.TestMethodTestDescriptor.execute(TestMethodTestDescriptor.java:139)
	at org.junit.jupiter.engine.descriptor.TestMethodTestDescriptor.execute(TestMethodTestDescriptor.java:69)
	at org.junit.platform.engine.support.hierarchical.NodeTestTask.lambda$executeRecursively$6(NodeTestTask.java:156)
	at org.junit.platform.engine.support.hierarchical.ThrowableCollector.execute(ThrowableCollector.java:73)
	at org.junit.platform.engine.support.hierarchical.NodeTestTask.lambda$executeRecursively$8(NodeTestTask.java:146)
	at org.junit.platform.engine.support.hierarchical.Node.around(Node.java:137)
	at org.junit.platform.engine.support.hierarchical.NodeTestTask.lambda$executeRecursively$9(NodeTestTask.java:144)
	at org.junit.platform.engine.support.hierarchical.ThrowableCollector.execute(ThrowableCollector.java:73)
	at org.junit.platform.engine.support.hierarchical.NodeTestTask.executeRecursively(NodeTestTask.java:143)
	at org.junit.platform.engine.support.hierarchical.NodeTestTask.execute(NodeTestTask.java:100)
	at java.base/java.util.ArrayList.forEach(ArrayList.java:1596)
	at org.junit.platform.engine.support.hierarchical.SameThreadHierarchicalTestExecutorService.invokeAll(SameThreadHierarchicalTestExecutorService.java:41)
	at org.junit.platform.engine.support.hierarchical.NodeTestTask.lambda$executeRecursively$6(NodeTestTask.java:160)
	at org.junit.platform.engine.support.hierarchical.ThrowableCollector.execute(ThrowableCollector.java:73)
	at org.junit.platform.engine.support.hierarchical.NodeTestTask.lambda$executeRecursively$8(NodeTestTask.java:146)
	at org.junit.platform.engine.support.hierarchical.Node.around(Node.java:137)
	at org.junit.platform.engine.support.hierarchical.NodeTestTask.lambda$executeRecursively$9(NodeTestTask.java:144)
	at org.junit.platform.engine.support.hierarchical.ThrowableCollector.execute(ThrowableCollector.java:73)
	at org.junit.platform.engine.support.hierarchical.NodeTestTask.executeRecursively(NodeTestTask.java:143)
	at org.junit.platform.engine.support.hierarchical.NodeTestTask.execute(NodeTestTask.java:100)
	at java.base/java.util.ArrayList.forEach(ArrayList.java:1596)
	at org.junit.platform.engine.support.hierarchical.SameThreadHierarchicalTestExecutorService.invokeAll(SameThreadHierarchicalTestExecutorService.java:41)
	at org.junit.platform.engine.support.hierarchical.NodeTestTask.lambda$executeRecursively$6(NodeTestTask.java:160)
	at org.junit.platform.engine.support.hierarchical.ThrowableCollector.execute(ThrowableCollector.java:73)
	at org.junit.platform.engine.support.hierarchical.NodeTestTask.lambda$executeRecursively$8(NodeTestTask.java:146)
	at org.junit.platform.engine.support.hierarchical.Node.around(Node.java:137)
	at org.junit.platform.engine.support.hierarchical.NodeTestTask.lambda$executeRecursively$9(NodeTestTask.java:144)
	at org.junit.platform.engine.support.hierarchical.ThrowableCollector.execute(ThrowableCollector.java:73)
	at org.junit.platform.engine.support.hierarchical.NodeTestTask.executeRecursively(NodeTestTask.java:143)
	at org.junit.platform.engine.support.hierarchical.NodeTestTask.execute(NodeTestTask.java:100)
	at java.base/java.util.ArrayList.forEach(ArrayList.java:1596)
	at org.junit.platform.engine.support.hierarchical.SameThreadHierarchicalTestExecutorService.invokeAll(SameThreadHierarchicalTestExecutorService.java:41)
	at org.junit.platform.engine.support.hierarchical.NodeTestTask.lambda$executeRecursively$6(NodeTestTask.java:160)
	at org.junit.platform.engine.support.hierarchical.ThrowableCollector.execute(ThrowableCollector.java:73)
	at org.junit.platform.engine.support.hierarchical.NodeTestTask.lambda$executeRecursively$8(NodeTestTask.java:146)
	at org.junit.platform.engine.support.hierarchical.Node.around(Node.java:137)
	at org.junit.platform.engine.support.hierarchical.NodeTestTask.lambda$executeRecursively$9(NodeTestTask.java:144)
	at org.junit.platform.engine.support.hierarchical.ThrowableCollector.execute(ThrowableCollector.java:73)
	at org.junit.platform.engine.support.hierarchical.NodeTestTask.executeRecursively(NodeTestTask.java:143)
	at org.junit.platform.engine.support.hierarchical.NodeTestTask.execute(NodeTestTask.java:100)
	at org.junit.platform.engine.support.hierarchical.SameThreadHierarchicalTestExecutorService.submit(SameThreadHierarchicalTestExecutorService.java:35)
	at org.junit.platform.engine.support.hierarchical.HierarchicalTestExecutor.execute(HierarchicalTestExecutor.java:57)
	at org.junit.platform.engine.support.hierarchical.HierarchicalTestEngine.execute(HierarchicalTestEngine.java:54)
	at org.junit.platform.launcher.core.EngineExecutionOrchestrator.execute(EngineExecutionOrchestrator.java:198)
	at org.junit.platform.launcher.core.EngineExecutionOrchestrator.execute(EngineExecutionOrchestrator.java:169)
	at org.junit.platform.launcher.core.EngineExecutionOrchestrator.execute(EngineExecutionOrchestrator.java:93)
	at org.junit.platform.launcher.core.EngineExecutionOrchestrator.lambda$execute$0(EngineExecutionOrchestrator.java:58)
	at org.junit.platform.launcher.core.EngineExecutionOrchestrator.withInterceptedStreams(EngineExecutionOrchestrator.java:141)
	at org.junit.platform.launcher.core.EngineExecutionOrchestrator.execute(EngineExecutionOrchestrator.java:57)
	at org.junit.platform.launcher.core.DefaultLauncher.execute(DefaultLauncher.java:103)
	at org.junit.platform.launcher.core.DefaultLauncher.execute(DefaultLauncher.java:85)
	at org.junit.platform.launcher.core.DelegatingLauncher.execute(DelegatingLauncher.java:47)
	at org.junit.platform.launcher.core.SessionPerRequestLauncher.execute(SessionPerRequestLauncher.java:63)
	at com.intellij.junit5.JUnit5IdeaTestRunner.startRunnerWithArgs(JUnit5IdeaTestRunner.java:57)
	at com.intellij.rt.junit.IdeaTestRunner$Repeater$1.execute(IdeaTestRunner.java:38)
	at com.intellij.rt.execution.junit.TestsRepeater.repeat(TestsRepeater.java:11)
	at com.intellij.rt.junit.IdeaTestRunner$Repeater.startRunnerWithArgs(IdeaTestRunner.java:35)
	at com.intellij.rt.junit.JUnitStarter.prepareStreamsAndStart(JUnitStarter.java:231)
	at com.intellij.rt.junit.JUnitStarter.main(JUnitStarter.java:55)
2025-09-12 22:03:52,951 DEBUG [main] QuestServlet [ ] -
            QuestServlet init: prodService=QuestService$MockitoMock$P1Ht6THb, authoring=QuestAuthoringService, userStats=UserStatsService$MockitoMock$e7iqeggc
2025-09-12 22:03:53,009 DEBUG [main] MyCustomQuestsServlet [ ] -
            MyCustomQuestsServlet initialized
2025-09-12 22:03:53,019 INFO [main] MyCustomQuestsServlet [ ] -
            User me (id=null) requested their quests, found 2 item(s)
2025-09-12 22:03:53,031 DEBUG [main] MyCustomQuestsServlet [ ] -
            MyCustomQuestsServlet initialized
2025-09-12 22:03:53,037 WARN [main] MyCustomQuestsServlet [ ] -
            Unauthorized access attempt to my quests, redirecting to login
2025-09-12 22:03:53,047 ERROR [main] MyCustomQuestsServlet [ ] -
            Init failed: QuestAuthoringService not found in ServletContext
2025-09-12 22:03:53,052 DEBUG [main] MyCustomQuestsServlet [ ] -
            MyCustomQuestsServlet initialized
2025-09-12 22:03:53,096 INFO [main] UserPublicProfileServlet [ ] -
            Public profile view userId=null login=null
2025-09-12 22:03:53,107 WARN [main] UserPublicProfileServlet [ ] -
            Public profile requested but not found id=u1
2025-09-12 22:03:53,118 WARN [main] UserPublicProfileServlet [ ] -
            Public profile requested without id param
2025-09-12 22:03:53,150 INFO [main] UserPublicProfileServlet [ ] -
            Public profile view userId=u2 login=null
2025-09-12 22:03:53,270 WARN [main] BaseQuestAdminServlet [ ] -
            notifyFriendsPublishedByUserId skipped: ownerIdPresent=false notifyPresent=true friendServicePresent=true
2025-09-12 22:03:53,271 WARN [main] BaseQuestAdminServlet [ ] -
            notifyFriendsPublishedByUserId skipped: ownerIdPresent=true notifyPresent=false friendServicePresent=true
2025-09-12 22:03:53,272 WARN [main] BaseQuestAdminServlet [ ] -
            notifyFriendsPublishedByUserId skipped: ownerIdPresent=true notifyPresent=true friendServicePresent=false
2025-09-12 22:03:53,276 WARN [main] BaseQuestAdminServlet [ ] -
            resolveUserIdByLogin: user not found login='own'
2025-09-12 22:03:53,346 DEBUG [main] BaseQuestAdminServlet [ ] -
            resolveUserIdByLogin: login='own' -> userId=OID
2025-09-12 22:03:53,348 DEBUG [main] BaseQuestAdminServlet [ ] -
            notifyFriendsPublishedByUserId: no friends to notify ownerId=OID
2025-09-12 22:03:53,353 WARN [main] BaseQuestAdminServlet [ ] -
            notifyFriendsPublishedByUserId: failed to load friends ownerId=O1
java.lang.RuntimeException: boom
	at com.javarush.apalinskiy.service.social.FriendService.listFriendIds(FriendService.java:29)
	at com.javarush.apalinskiy.web.servlet.BaseQuestAdminServlet.notifyFriendsPublishedByUserId(BaseQuestAdminServlet.java:148)
	at com.javarush.apalinskiy.web.servlet.BaseQuestAdminServletTest$NotifyFriends.byUserId_service_throws(BaseQuestAdminServletTest.java:395)
	at java.base/jdk.internal.reflect.DirectMethodHandleAccessor.invoke(DirectMethodHandleAccessor.java:103)
	at java.base/java.lang.reflect.Method.invoke(Method.java:580)
	at org.junit.platform.commons.util.ReflectionUtils.invokeMethod(ReflectionUtils.java:728)
	at org.junit.jupiter.engine.execution.MethodInvocation.proceed(MethodInvocation.java:60)
	at org.junit.jupiter.engine.execution.InvocationInterceptorChain$ValidatingInvocation.proceed(InvocationInterceptorChain.java:131)
	at org.junit.jupiter.engine.extension.TimeoutExtension.intercept(TimeoutExtension.java:156)
	at org.junit.jupiter.engine.extension.TimeoutExtension.interceptTestableMethod(TimeoutExtension.java:147)
	at org.junit.jupiter.engine.extension.TimeoutExtension.interceptTestMethod(TimeoutExtension.java:86)
	at org.junit.jupiter.engine.execution.InterceptingExecutableInvoker$ReflectiveInterceptorCall.lambda$ofVoidMethod$0(InterceptingExecutableInvoker.java:103)
	at org.junit.jupiter.engine.execution.InterceptingExecutableInvoker.lambda$invoke$0(InterceptingExecutableInvoker.java:93)
	at org.junit.jupiter.engine.execution.InvocationInterceptorChain$InterceptedInvocation.proceed(InvocationInterceptorChain.java:106)
	at org.junit.jupiter.engine.execution.InvocationInterceptorChain.proceed(InvocationInterceptorChain.java:64)
	at org.junit.jupiter.engine.execution.InvocationInterceptorChain.chainAndInvoke(InvocationInterceptorChain.java:45)
	at org.junit.jupiter.engine.execution.InvocationInterceptorChain.invoke(InvocationInterceptorChain.java:37)
	at org.junit.jupiter.engine.execution.InterceptingExecutableInvoker.invoke(InterceptingExecutableInvoker.java:92)
	at org.junit.jupiter.engine.execution.InterceptingExecutableInvoker.invoke(InterceptingExecutableInvoker.java:86)
	at org.junit.jupiter.engine.descriptor.TestMethodTestDescriptor.lambda$invokeTestMethod$7(TestMethodTestDescriptor.java:218)
	at org.junit.platform.engine.support.hierarchical.ThrowableCollector.execute(ThrowableCollector.java:73)
	at org.junit.jupiter.engine.descriptor.TestMethodTestDescriptor.invokeTestMethod(TestMethodTestDescriptor.java:214)
	at org.junit.jupiter.engine.descriptor.TestMethodTestDescriptor.execute(TestMethodTestDescriptor.java:139)
	at org.junit.jupiter.engine.descriptor.TestMethodTestDescriptor.execute(TestMethodTestDescriptor.java:69)
	at org.junit.platform.engine.support.hierarchical.NodeTestTask.lambda$executeRecursively$6(NodeTestTask.java:156)
	at org.junit.platform.engine.support.hierarchical.ThrowableCollector.execute(ThrowableCollector.java:73)
	at org.junit.platform.engine.support.hierarchical.NodeTestTask.lambda$executeRecursively$8(NodeTestTask.java:146)
	at org.junit.platform.engine.support.hierarchical.Node.around(Node.java:137)
	at org.junit.platform.engine.support.hierarchical.NodeTestTask.lambda$executeRecursively$9(NodeTestTask.java:144)
	at org.junit.platform.engine.support.hierarchical.ThrowableCollector.execute(ThrowableCollector.java:73)
	at org.junit.platform.engine.support.hierarchical.NodeTestTask.executeRecursively(NodeTestTask.java:143)
	at org.junit.platform.engine.support.hierarchical.NodeTestTask.execute(NodeTestTask.java:100)
	at java.base/java.util.ArrayList.forEach(ArrayList.java:1596)
	at org.junit.platform.engine.support.hierarchical.SameThreadHierarchicalTestExecutorService.invokeAll(SameThreadHierarchicalTestExecutorService.java:41)
	at org.junit.platform.engine.support.hierarchical.NodeTestTask.lambda$executeRecursively$6(NodeTestTask.java:160)
	at org.junit.platform.engine.support.hierarchical.ThrowableCollector.execute(ThrowableCollector.java:73)
	at org.junit.platform.engine.support.hierarchical.NodeTestTask.lambda$executeRecursively$8(NodeTestTask.java:146)
	at org.junit.platform.engine.support.hierarchical.Node.around(Node.java:137)
	at org.junit.platform.engine.support.hierarchical.NodeTestTask.lambda$executeRecursively$9(NodeTestTask.java:144)
	at org.junit.platform.engine.support.hierarchical.ThrowableCollector.execute(ThrowableCollector.java:73)
	at org.junit.platform.engine.support.hierarchical.NodeTestTask.executeRecursively(NodeTestTask.java:143)
	at org.junit.platform.engine.support.hierarchical.NodeTestTask.execute(NodeTestTask.java:100)
	at java.base/java.util.ArrayList.forEach(ArrayList.java:1596)
	at org.junit.platform.engine.support.hierarchical.SameThreadHierarchicalTestExecutorService.invokeAll(SameThreadHierarchicalTestExecutorService.java:41)
	at org.junit.platform.engine.support.hierarchical.NodeTestTask.lambda$executeRecursively$6(NodeTestTask.java:160)
	at org.junit.platform.engine.support.hierarchical.ThrowableCollector.execute(ThrowableCollector.java:73)
	at org.junit.platform.engine.support.hierarchical.NodeTestTask.lambda$executeRecursively$8(NodeTestTask.java:146)
	at org.junit.platform.engine.support.hierarchical.Node.around(Node.java:137)
	at org.junit.platform.engine.support.hierarchical.NodeTestTask.lambda$executeRecursively$9(NodeTestTask.java:144)
	at org.junit.platform.engine.support.hierarchical.ThrowableCollector.execute(ThrowableCollector.java:73)
	at org.junit.platform.engine.support.hierarchical.NodeTestTask.executeRecursively(NodeTestTask.java:143)
	at org.junit.platform.engine.support.hierarchical.NodeTestTask.execute(NodeTestTask.java:100)
	at java.base/java.util.ArrayList.forEach(ArrayList.java:1596)
	at org.junit.platform.engine.support.hierarchical.SameThreadHierarchicalTestExecutorService.invokeAll(SameThreadHierarchicalTestExecutorService.java:41)
	at org.junit.platform.engine.support.hierarchical.NodeTestTask.lambda$executeRecursively$6(NodeTestTask.java:160)
	at org.junit.platform.engine.support.hierarchical.ThrowableCollector.execute(ThrowableCollector.java:73)
	at org.junit.platform.engine.support.hierarchical.NodeTestTask.lambda$executeRecursively$8(NodeTestTask.java:146)
	at org.junit.platform.engine.support.hierarchical.Node.around(Node.java:137)
	at org.junit.platform.engine.support.hierarchical.NodeTestTask.lambda$executeRecursively$9(NodeTestTask.java:144)
	at org.junit.platform.engine.support.hierarchical.ThrowableCollector.execute(ThrowableCollector.java:73)
	at org.junit.platform.engine.support.hierarchical.NodeTestTask.executeRecursively(NodeTestTask.java:143)
	at org.junit.platform.engine.support.hierarchical.NodeTestTask.execute(NodeTestTask.java:100)
	at org.junit.platform.engine.support.hierarchical.SameThreadHierarchicalTestExecutorService.submit(SameThreadHierarchicalTestExecutorService.java:35)
	at org.junit.platform.engine.support.hierarchical.HierarchicalTestExecutor.execute(HierarchicalTestExecutor.java:57)
	at org.junit.platform.engine.support.hierarchical.HierarchicalTestEngine.execute(HierarchicalTestEngine.java:54)
	at org.junit.platform.launcher.core.EngineExecutionOrchestrator.execute(EngineExecutionOrchestrator.java:198)
	at org.junit.platform.launcher.core.EngineExecutionOrchestrator.execute(EngineExecutionOrchestrator.java:169)
	at org.junit.platform.launcher.core.EngineExecutionOrchestrator.execute(EngineExecutionOrchestrator.java:93)
	at org.junit.platform.launcher.core.EngineExecutionOrchestrator.lambda$execute$0(EngineExecutionOrchestrator.java:58)
	at org.junit.platform.launcher.core.EngineExecutionOrchestrator.withInterceptedStreams(EngineExecutionOrchestrator.java:141)
	at org.junit.platform.launcher.core.EngineExecutionOrchestrator.execute(EngineExecutionOrchestrator.java:57)
	at org.junit.platform.launcher.core.DefaultLauncher.execute(DefaultLauncher.java:103)
	at org.junit.platform.launcher.core.DefaultLauncher.execute(DefaultLauncher.java:85)
	at org.junit.platform.launcher.core.DelegatingLauncher.execute(DelegatingLauncher.java:47)
	at org.junit.platform.launcher.core.SessionPerRequestLauncher.execute(SessionPerRequestLauncher.java:63)
	at com.intellij.junit5.JUnit5IdeaTestRunner.startRunnerWithArgs(JUnit5IdeaTestRunner.java:57)
	at com.intellij.rt.junit.IdeaTestRunner$Repeater$1.execute(IdeaTestRunner.java:38)
	at com.intellij.rt.execution.junit.TestsRepeater.repeat(TestsRepeater.java:11)
	at com.intellij.rt.junit.IdeaTestRunner$Repeater.startRunnerWithArgs(IdeaTestRunner.java:35)
	at com.intellij.rt.junit.JUnitStarter.prepareStreamsAndStart(JUnitStarter.java:231)
	at com.intellij.rt.junit.JUnitStarter.main(JUnitStarter.java:55)
2025-09-12 22:03:53,358 DEBUG [main] BaseQuestAdminServlet [ ] -
            notifyFriendsPublishedByUserId: no friends to notify ownerId=O1
2025-09-12 22:03:53,358 DEBUG [main] BaseQuestAdminServlet [ ] -
            notifyFriendsPublishedByUserId: no friends to notify ownerId=O2
2025-09-12 22:03:53,361 INFO [main] BaseQuestAdminServlet [ ] -
            notifyFriendsPublished: ownerId=O1 quest='Name'
2025-09-12 22:03:53,363 WARN [main] BaseQuestAdminServlet [ ] -
            notifyFriendsPublishedByLogin skipped: ownerLoginPresent=false notifyPresent=true friendServicePresent=true
2025-09-12 22:03:53,363 WARN [main] BaseQuestAdminServlet [ ] -
            notifyFriendsPublishedByLogin skipped: ownerLoginPresent=true notifyPresent=false friendServicePresent=true
2025-09-12 22:03:53,363 WARN [main] BaseQuestAdminServlet [ ] -
            notifyFriendsPublishedByLogin skipped: ownerLoginPresent=true notifyPresent=true friendServicePresent=false
2025-09-12 22:03:53,367 INFO [main] BaseQuestAdminServlet [ ] -
            notifyFriendsPublished: ownerId=O1 quest='Quest'
2025-09-12 22:03:53,370 WARN [main] BaseQuestAdminServlet [ ] -
            incCreatedByUserId skipped: userStatsPresent=false userId='null'
2025-09-12 22:03:53,370 WARN [main] BaseQuestAdminServlet [ ] -
            incCreatedByUserId skipped: userStatsPresent=false userId=' '
2025-09-12 22:03:53,373 DEBUG [main] BaseQuestAdminServlet [ ] -
            resolveUserIdByLogin: login='bob' -> userId=U10
2025-09-12 22:03:53,373 DEBUG [main] BaseQuestAdminServlet [ ] -
            incCreatedByUserId ok userId=U10
2025-09-12 22:03:53,376 WARN [main] BaseQuestAdminServlet [ ] -
            resolveUserIdByLogin skipped: blank login
2025-09-12 22:03:53,376 WARN [main] BaseQuestAdminServlet [ ] -
            incCreatedByUserId skipped: userStatsPresent=true userId='null'
2025-09-12 22:03:53,376 WARN [main] BaseQuestAdminServlet [ ] -
            resolveUserIdByLogin: user not found login='x'
2025-09-12 22:03:53,376 WARN [main] BaseQuestAdminServlet [ ] -
            incCreatedByUserId skipped: userStatsPresent=true userId='null'
2025-09-12 22:03:53,378 DEBUG [main] BaseQuestAdminServlet [ ] -
            incCreatedByUserId ok userId=U2
2025-09-12 22:03:53,381 WARN [main] BaseQuestAdminServlet [ ] -
            incCreatedByUserId ignored exception userId=U3
2025-09-12 22:03:53,384 WARN [main] BaseQuestAdminServlet [ ] -
            notifyQuestAdminChanged skipped: admin=null, notify=NotificationService$MockitoMock$RuHxTYL7, targetLoginPresent=true
2025-09-12 22:03:53,384 WARN [main] BaseQuestAdminServlet [ ] -
            notifyQuestAdminChanged skipped: admin=null, notify=null, targetLoginPresent=true
2025-09-12 22:03:53,384 WARN [main] BaseQuestAdminServlet [ ] -
            notifyQuestAdminChanged skipped: admin=null, notify=NotificationService$MockitoMock$RuHxTYL7, targetLoginPresent=false
2025-09-12 22:03:53,386 DEBUG [main] BaseQuestAdminServlet [ ] -
            resolveUserIdByLogin: login='own' -> userId=TGT
2025-09-12 22:03:53,387 INFO [main] BaseQuestAdminServlet [ ] -
            notifyQuestAdminChanged: adminId=ADM targetUserId=TGT quest='Quest'
2025-09-12 22:03:53,391 WARN [main] BaseQuestAdminServlet [ ] -
            resolveUserIdByLogin: user not found login='own'
2025-09-12 22:03:53,393 DEBUG [main] BaseQuestAdminServlet [ ] -
            resolveUserIdByLogin: login='own' -> userId=TGT
2025-09-12 22:03:53,394 INFO [main] BaseQuestAdminServlet [ ] -
            notifyQuestAdminChanged: adminId=ADM targetUserId=TGT quest='QuestName'
2025-09-12 22:03:53,396 WARN [main] BaseQuestAdminServlet [ ] -
            resolveUserIdByLogin: user not found login='absent'
2025-09-12 22:03:53,398 DEBUG [main] BaseQuestAdminServlet [ ] -
            resolveUserIdByLogin: login='john' -> userId=U1
2025-09-12 22:03:53,399 WARN [main] BaseQuestAdminServlet [ ] -
            resolveUserIdByLogin skipped: blank login
2025-09-12 22:03:53,400 WARN [main] BaseQuestAdminServlet [ ] -
            resolveUserIdByLogin skipped: blank login
2025-09-12 22:03:53,406 ERROR [main] BaseQuestAdminServlet [ ] -
            BaseQuestAdminServlet init failed: required services not found
java.lang.IllegalStateException: no authoring
	at com.javarush.apalinskiy.web.util.Web.ctxBean(Web.java:200)
	at com.javarush.apalinskiy.web.servlet.BaseQuestAdminServlet.init(BaseQuestAdminServlet.java:40)
	at com.javarush.apalinskiy.web.servlet.BaseQuestAdminServletTest$Init.lambda$init_missing_required$6(BaseQuestAdminServletTest.java:99)
	at org.junit.jupiter.api.AssertThrows.assertThrows(AssertThrows.java:53)
	at org.junit.jupiter.api.AssertThrows.assertThrows(AssertThrows.java:35)
	at org.junit.jupiter.api.Assertions.assertThrows(Assertions.java:3115)
	at com.javarush.apalinskiy.web.servlet.BaseQuestAdminServletTest$Init.init_missing_required(BaseQuestAdminServletTest.java:99)
	at java.base/jdk.internal.reflect.DirectMethodHandleAccessor.invoke(DirectMethodHandleAccessor.java:103)
	at java.base/java.lang.reflect.Method.invoke(Method.java:580)
	at org.junit.platform.commons.util.ReflectionUtils.invokeMethod(ReflectionUtils.java:728)
	at org.junit.jupiter.engine.execution.MethodInvocation.proceed(MethodInvocation.java:60)
	at org.junit.jupiter.engine.execution.InvocationInterceptorChain$ValidatingInvocation.proceed(InvocationInterceptorChain.java:131)
	at org.junit.jupiter.engine.extension.TimeoutExtension.intercept(TimeoutExtension.java:156)
	at org.junit.jupiter.engine.extension.TimeoutExtension.interceptTestableMethod(TimeoutExtension.java:147)
	at org.junit.jupiter.engine.extension.TimeoutExtension.interceptTestMethod(TimeoutExtension.java:86)
	at org.junit.jupiter.engine.execution.InterceptingExecutableInvoker$ReflectiveInterceptorCall.lambda$ofVoidMethod$0(InterceptingExecutableInvoker.java:103)
	at org.junit.jupiter.engine.execution.InterceptingExecutableInvoker.lambda$invoke$0(InterceptingExecutableInvoker.java:93)
	at org.junit.jupiter.engine.execution.InvocationInterceptorChain$InterceptedInvocation.proceed(InvocationInterceptorChain.java:106)
	at org.junit.jupiter.engine.execution.InvocationInterceptorChain.proceed(InvocationInterceptorChain.java:64)
	at org.junit.jupiter.engine.execution.InvocationInterceptorChain.chainAndInvoke(InvocationInterceptorChain.java:45)
	at org.junit.jupiter.engine.execution.InvocationInterceptorChain.invoke(InvocationInterceptorChain.java:37)
	at org.junit.jupiter.engine.execution.InterceptingExecutableInvoker.invoke(InterceptingExecutableInvoker.java:92)
	at org.junit.jupiter.engine.execution.InterceptingExecutableInvoker.invoke(InterceptingExecutableInvoker.java:86)
	at org.junit.jupiter.engine.descriptor.TestMethodTestDescriptor.lambda$invokeTestMethod$7(TestMethodTestDescriptor.java:218)
	at org.junit.platform.engine.support.hierarchical.ThrowableCollector.execute(ThrowableCollector.java:73)
	at org.junit.jupiter.engine.descriptor.TestMethodTestDescriptor.invokeTestMethod(TestMethodTestDescriptor.java:214)
	at org.junit.jupiter.engine.descriptor.TestMethodTestDescriptor.execute(TestMethodTestDescriptor.java:139)
	at org.junit.jupiter.engine.descriptor.TestMethodTestDescriptor.execute(TestMethodTestDescriptor.java:69)
	at org.junit.platform.engine.support.hierarchical.NodeTestTask.lambda$executeRecursively$6(NodeTestTask.java:156)
	at org.junit.platform.engine.support.hierarchical.ThrowableCollector.execute(ThrowableCollector.java:73)
	at org.junit.platform.engine.support.hierarchical.NodeTestTask.lambda$executeRecursively$8(NodeTestTask.java:146)
	at org.junit.platform.engine.support.hierarchical.Node.around(Node.java:137)
	at org.junit.platform.engine.support.hierarchical.NodeTestTask.lambda$executeRecursively$9(NodeTestTask.java:144)
	at org.junit.platform.engine.support.hierarchical.ThrowableCollector.execute(ThrowableCollector.java:73)
	at org.junit.platform.engine.support.hierarchical.NodeTestTask.executeRecursively(NodeTestTask.java:143)
	at org.junit.platform.engine.support.hierarchical.NodeTestTask.execute(NodeTestTask.java:100)
	at java.base/java.util.ArrayList.forEach(ArrayList.java:1596)
	at org.junit.platform.engine.support.hierarchical.SameThreadHierarchicalTestExecutorService.invokeAll(SameThreadHierarchicalTestExecutorService.java:41)
	at org.junit.platform.engine.support.hierarchical.NodeTestTask.lambda$executeRecursively$6(NodeTestTask.java:160)
	at org.junit.platform.engine.support.hierarchical.ThrowableCollector.execute(ThrowableCollector.java:73)
	at org.junit.platform.engine.support.hierarchical.NodeTestTask.lambda$executeRecursively$8(NodeTestTask.java:146)
	at org.junit.platform.engine.support.hierarchical.Node.around(Node.java:137)
	at org.junit.platform.engine.support.hierarchical.NodeTestTask.lambda$executeRecursively$9(NodeTestTask.java:144)
	at org.junit.platform.engine.support.hierarchical.ThrowableCollector.execute(ThrowableCollector.java:73)
	at org.junit.platform.engine.support.hierarchical.NodeTestTask.executeRecursively(NodeTestTask.java:143)
	at org.junit.platform.engine.support.hierarchical.NodeTestTask.execute(NodeTestTask.java:100)
	at java.base/java.util.ArrayList.forEach(ArrayList.java:1596)
	at org.junit.platform.engine.support.hierarchical.SameThreadHierarchicalTestExecutorService.invokeAll(SameThreadHierarchicalTestExecutorService.java:41)
	at org.junit.platform.engine.support.hierarchical.NodeTestTask.lambda$executeRecursively$6(NodeTestTask.java:160)
	at org.junit.platform.engine.support.hierarchical.ThrowableCollector.execute(ThrowableCollector.java:73)
	at org.junit.platform.engine.support.hierarchical.NodeTestTask.lambda$executeRecursively$8(NodeTestTask.java:146)
	at org.junit.platform.engine.support.hierarchical.Node.around(Node.java:137)
	at org.junit.platform.engine.support.hierarchical.NodeTestTask.lambda$executeRecursively$9(NodeTestTask.java:144)
	at org.junit.platform.engine.support.hierarchical.ThrowableCollector.execute(ThrowableCollector.java:73)
	at org.junit.platform.engine.support.hierarchical.NodeTestTask.executeRecursively(NodeTestTask.java:143)
	at org.junit.platform.engine.support.hierarchical.NodeTestTask.execute(NodeTestTask.java:100)
	at java.base/java.util.ArrayList.forEach(ArrayList.java:1596)
	at org.junit.platform.engine.support.hierarchical.SameThreadHierarchicalTestExecutorService.invokeAll(SameThreadHierarchicalTestExecutorService.java:41)
	at org.junit.platform.engine.support.hierarchical.NodeTestTask.lambda$executeRecursively$6(NodeTestTask.java:160)
	at org.junit.platform.engine.support.hierarchical.ThrowableCollector.execute(ThrowableCollector.java:73)
	at org.junit.platform.engine.support.hierarchical.NodeTestTask.lambda$executeRecursively$8(NodeTestTask.java:146)
	at org.junit.platform.engine.support.hierarchical.Node.around(Node.java:137)
	at org.junit.platform.engine.support.hierarchical.NodeTestTask.lambda$executeRecursively$9(NodeTestTask.java:144)
	at org.junit.platform.engine.support.hierarchical.ThrowableCollector.execute(ThrowableCollector.java:73)
	at org.junit.platform.engine.support.hierarchical.NodeTestTask.executeRecursively(NodeTestTask.java:143)
	at org.junit.platform.engine.support.hierarchical.NodeTestTask.execute(NodeTestTask.java:100)
	at org.junit.platform.engine.support.hierarchical.SameThreadHierarchicalTestExecutorService.submit(SameThreadHierarchicalTestExecutorService.java:35)
	at org.junit.platform.engine.support.hierarchical.HierarchicalTestExecutor.execute(HierarchicalTestExecutor.java:57)
	at org.junit.platform.engine.support.hierarchical.HierarchicalTestEngine.execute(HierarchicalTestEngine.java:54)
	at org.junit.platform.launcher.core.EngineExecutionOrchestrator.execute(EngineExecutionOrchestrator.java:198)
	at org.junit.platform.launcher.core.EngineExecutionOrchestrator.execute(EngineExecutionOrchestrator.java:169)
	at org.junit.platform.launcher.core.EngineExecutionOrchestrator.execute(EngineExecutionOrchestrator.java:93)
	at org.junit.platform.launcher.core.EngineExecutionOrchestrator.lambda$execute$0(EngineExecutionOrchestrator.java:58)
	at org.junit.platform.launcher.core.EngineExecutionOrchestrator.withInterceptedStreams(EngineExecutionOrchestrator.java:141)
	at org.junit.platform.launcher.core.EngineExecutionOrchestrator.execute(EngineExecutionOrchestrator.java:57)
	at org.junit.platform.launcher.core.DefaultLauncher.execute(DefaultLauncher.java:103)
	at org.junit.platform.launcher.core.DefaultLauncher.execute(DefaultLauncher.java:85)
	at org.junit.platform.launcher.core.DelegatingLauncher.execute(DelegatingLauncher.java:47)
	at org.junit.platform.launcher.core.SessionPerRequestLauncher.execute(SessionPerRequestLauncher.java:63)
	at com.intellij.junit5.JUnit5IdeaTestRunner.startRunnerWithArgs(JUnit5IdeaTestRunner.java:57)
	at com.intellij.rt.junit.IdeaTestRunner$Repeater$1.execute(IdeaTestRunner.java:38)
	at com.intellij.rt.execution.junit.TestsRepeater.repeat(TestsRepeater.java:11)
	at com.intellij.rt.junit.IdeaTestRunner$Repeater.startRunnerWithArgs(IdeaTestRunner.java:35)
	at com.intellij.rt.junit.JUnitStarter.prepareStreamsAndStart(JUnitStarter.java:231)
	at com.intellij.rt.junit.JUnitStarter.main(JUnitStarter.java:55)
2025-09-12 22:03:53,415 DEBUG [main] BaseQuestAdminServlet [ ] -
            BaseQuestAdminServlet init: authoring=QuestAuthoringService, notify=NotificationService$MockitoMock$RuHxTYL7, users=UserService$MockitoMock$GcC6XxzJ, userStats=UserStatsService$MockitoMock$e7iqeggc, friendService=null
2025-09-12 22:03:53,510 DEBUG [main] NotificationsBadgeFilter [ ] -
            NotificationsBadgeFilter initialized with repo=NotificationRepository$MockitoMock$v6iemOfc
2025-09-12 22:03:53,513 DEBUG [main] NotificationsBadgeFilter [ ] -
            NotificationsBadgeFilter initialized with repo=NotificationRepository$MockitoMock$v6iemOfc
2025-09-12 22:03:53,516 DEBUG [main] NotificationsBadgeFilter [ ] -
            NotificationsBadgeFilter initialized with repo=NotificationRepository$MockitoMock$v6iemOfc
2025-09-12 22:03:53,526 DEBUG [main] NotificationsBadgeFilter [ ] -
            NotificationsBadgeFilter initialized with repo=NotificationRepository$MockitoMock$v6iemOfc
2025-09-12 22:03:53,530 DEBUG [main] NotificationsBadgeFilter [ ] -
            Unread notifications userId=id1 count=7
2025-09-12 22:03:53,535 DEBUG [main] NotificationsBadgeFilter [ ] -
            NotificationsBadgeFilter initialized with repo=NotificationRepository$MockitoMock$v6iemOfc
2025-09-12 22:03:53,615 ERROR [main] AdminQuestsModerationServlet [ ] -
            Moderation action failed action=approveCreate id=boom actorId=null
java.lang.RuntimeException: fail
	at com.javarush.apalinskiy.service.quest.QuestAuthoringService.approveCreate(QuestAuthoringService.java:202)
	at com.javarush.apalinskiy.web.servlet.AdminQuestsModerationServlet.doPost(AdminQuestsModerationServlet.java:54)
	at com.javarush.apalinskiy.web.servlet.AdminQuestsModerationServlet.doPost(AdminQuestsModerationServlet.java:39)
	at com.javarush.apalinskiy.web.servlet.AdminQuestsModerationServletTest$DoPostException.redirectsWithErrorOnException(AdminQuestsModerationServletTest.java:277)
	at java.base/jdk.internal.reflect.DirectMethodHandleAccessor.invoke(DirectMethodHandleAccessor.java:103)
	at java.base/java.lang.reflect.Method.invoke(Method.java:580)
	at org.junit.platform.commons.util.ReflectionUtils.invokeMethod(ReflectionUtils.java:728)
	at org.junit.jupiter.engine.execution.MethodInvocation.proceed(MethodInvocation.java:60)
	at org.junit.jupiter.engine.execution.InvocationInterceptorChain$ValidatingInvocation.proceed(InvocationInterceptorChain.java:131)
	at org.junit.jupiter.engine.extension.TimeoutExtension.intercept(TimeoutExtension.java:156)
	at org.junit.jupiter.engine.extension.TimeoutExtension.interceptTestableMethod(TimeoutExtension.java:147)
	at org.junit.jupiter.engine.extension.TimeoutExtension.interceptTestMethod(TimeoutExtension.java:86)
	at org.junit.jupiter.engine.execution.InterceptingExecutableInvoker$ReflectiveInterceptorCall.lambda$ofVoidMethod$0(InterceptingExecutableInvoker.java:103)
	at org.junit.jupiter.engine.execution.InterceptingExecutableInvoker.lambda$invoke$0(InterceptingExecutableInvoker.java:93)
	at org.junit.jupiter.engine.execution.InvocationInterceptorChain$InterceptedInvocation.proceed(InvocationInterceptorChain.java:106)
	at org.junit.jupiter.engine.execution.InvocationInterceptorChain.proceed(InvocationInterceptorChain.java:64)
	at org.junit.jupiter.engine.execution.InvocationInterceptorChain.chainAndInvoke(InvocationInterceptorChain.java:45)
	at org.junit.jupiter.engine.execution.InvocationInterceptorChain.invoke(InvocationInterceptorChain.java:37)
	at org.junit.jupiter.engine.execution.InterceptingExecutableInvoker.invoke(InterceptingExecutableInvoker.java:92)
	at org.junit.jupiter.engine.execution.InterceptingExecutableInvoker.invoke(InterceptingExecutableInvoker.java:86)
	at org.junit.jupiter.engine.descriptor.TestMethodTestDescriptor.lambda$invokeTestMethod$7(TestMethodTestDescriptor.java:218)
	at org.junit.platform.engine.support.hierarchical.ThrowableCollector.execute(ThrowableCollector.java:73)
	at org.junit.jupiter.engine.descriptor.TestMethodTestDescriptor.invokeTestMethod(TestMethodTestDescriptor.java:214)
	at org.junit.jupiter.engine.descriptor.TestMethodTestDescriptor.execute(TestMethodTestDescriptor.java:139)
	at org.junit.jupiter.engine.descriptor.TestMethodTestDescriptor.execute(TestMethodTestDescriptor.java:69)
	at org.junit.platform.engine.support.hierarchical.NodeTestTask.lambda$executeRecursively$6(NodeTestTask.java:156)
	at org.junit.platform.engine.support.hierarchical.ThrowableCollector.execute(ThrowableCollector.java:73)
	at org.junit.platform.engine.support.hierarchical.NodeTestTask.lambda$executeRecursively$8(NodeTestTask.java:146)
	at org.junit.platform.engine.support.hierarchical.Node.around(Node.java:137)
	at org.junit.platform.engine.support.hierarchical.NodeTestTask.lambda$executeRecursively$9(NodeTestTask.java:144)
	at org.junit.platform.engine.support.hierarchical.ThrowableCollector.execute(ThrowableCollector.java:73)
	at org.junit.platform.engine.support.hierarchical.NodeTestTask.executeRecursively(NodeTestTask.java:143)
	at org.junit.platform.engine.support.hierarchical.NodeTestTask.execute(NodeTestTask.java:100)
	at java.base/java.util.ArrayList.forEach(ArrayList.java:1596)
	at org.junit.platform.engine.support.hierarchical.SameThreadHierarchicalTestExecutorService.invokeAll(SameThreadHierarchicalTestExecutorService.java:41)
	at org.junit.platform.engine.support.hierarchical.NodeTestTask.lambda$executeRecursively$6(NodeTestTask.java:160)
	at org.junit.platform.engine.support.hierarchical.ThrowableCollector.execute(ThrowableCollector.java:73)
	at org.junit.platform.engine.support.hierarchical.NodeTestTask.lambda$executeRecursively$8(NodeTestTask.java:146)
	at org.junit.platform.engine.support.hierarchical.Node.around(Node.java:137)
	at org.junit.platform.engine.support.hierarchical.NodeTestTask.lambda$executeRecursively$9(NodeTestTask.java:144)
	at org.junit.platform.engine.support.hierarchical.ThrowableCollector.execute(ThrowableCollector.java:73)
	at org.junit.platform.engine.support.hierarchical.NodeTestTask.executeRecursively(NodeTestTask.java:143)
	at org.junit.platform.engine.support.hierarchical.NodeTestTask.execute(NodeTestTask.java:100)
	at java.base/java.util.ArrayList.forEach(ArrayList.java:1596)
	at org.junit.platform.engine.support.hierarchical.SameThreadHierarchicalTestExecutorService.invokeAll(SameThreadHierarchicalTestExecutorService.java:41)
	at org.junit.platform.engine.support.hierarchical.NodeTestTask.lambda$executeRecursively$6(NodeTestTask.java:160)
	at org.junit.platform.engine.support.hierarchical.ThrowableCollector.execute(ThrowableCollector.java:73)
	at org.junit.platform.engine.support.hierarchical.NodeTestTask.lambda$executeRecursively$8(NodeTestTask.java:146)
	at org.junit.platform.engine.support.hierarchical.Node.around(Node.java:137)
	at org.junit.platform.engine.support.hierarchical.NodeTestTask.lambda$executeRecursively$9(NodeTestTask.java:144)
	at org.junit.platform.engine.support.hierarchical.ThrowableCollector.execute(ThrowableCollector.java:73)
	at org.junit.platform.engine.support.hierarchical.NodeTestTask.executeRecursively(NodeTestTask.java:143)
	at org.junit.platform.engine.support.hierarchical.NodeTestTask.execute(NodeTestTask.java:100)
	at java.base/java.util.ArrayList.forEach(ArrayList.java:1596)
	at org.junit.platform.engine.support.hierarchical.SameThreadHierarchicalTestExecutorService.invokeAll(SameThreadHierarchicalTestExecutorService.java:41)
	at org.junit.platform.engine.support.hierarchical.NodeTestTask.lambda$executeRecursively$6(NodeTestTask.java:160)
	at org.junit.platform.engine.support.hierarchical.ThrowableCollector.execute(ThrowableCollector.java:73)
	at org.junit.platform.engine.support.hierarchical.NodeTestTask.lambda$executeRecursively$8(NodeTestTask.java:146)
	at org.junit.platform.engine.support.hierarchical.Node.around(Node.java:137)
	at org.junit.platform.engine.support.hierarchical.NodeTestTask.lambda$executeRecursively$9(NodeTestTask.java:144)
	at org.junit.platform.engine.support.hierarchical.ThrowableCollector.execute(ThrowableCollector.java:73)
	at org.junit.platform.engine.support.hierarchical.NodeTestTask.executeRecursively(NodeTestTask.java:143)
	at org.junit.platform.engine.support.hierarchical.NodeTestTask.execute(NodeTestTask.java:100)
	at org.junit.platform.engine.support.hierarchical.SameThreadHierarchicalTestExecutorService.submit(SameThreadHierarchicalTestExecutorService.java:35)
	at org.junit.platform.engine.support.hierarchical.HierarchicalTestExecutor.execute(HierarchicalTestExecutor.java:57)
	at org.junit.platform.engine.support.hierarchical.HierarchicalTestEngine.execute(HierarchicalTestEngine.java:54)
	at org.junit.platform.launcher.core.EngineExecutionOrchestrator.execute(EngineExecutionOrchestrator.java:198)
	at org.junit.platform.launcher.core.EngineExecutionOrchestrator.execute(EngineExecutionOrchestrator.java:169)
	at org.junit.platform.launcher.core.EngineExecutionOrchestrator.execute(EngineExecutionOrchestrator.java:93)
	at org.junit.platform.launcher.core.EngineExecutionOrchestrator.lambda$execute$0(EngineExecutionOrchestrator.java:58)
	at org.junit.platform.launcher.core.EngineExecutionOrchestrator.withInterceptedStreams(EngineExecutionOrchestrator.java:141)
	at org.junit.platform.launcher.core.EngineExecutionOrchestrator.execute(EngineExecutionOrchestrator.java:57)
	at org.junit.platform.launcher.core.DefaultLauncher.execute(DefaultLauncher.java:103)
	at org.junit.platform.launcher.core.DefaultLauncher.execute(DefaultLauncher.java:85)
	at org.junit.platform.launcher.core.DelegatingLauncher.execute(DelegatingLauncher.java:47)
	at org.junit.platform.launcher.core.SessionPerRequestLauncher.execute(SessionPerRequestLauncher.java:63)
	at com.intellij.junit5.JUnit5IdeaTestRunner.startRunnerWithArgs(JUnit5IdeaTestRunner.java:57)
	at com.intellij.rt.junit.IdeaTestRunner$Repeater$1.execute(IdeaTestRunner.java:38)
	at com.intellij.rt.execution.junit.TestsRepeater.repeat(TestsRepeater.java:11)
	at com.intellij.rt.junit.IdeaTestRunner$Repeater.startRunnerWithArgs(IdeaTestRunner.java:35)
	at com.intellij.rt.junit.JUnitStarter.prepareStreamsAndStart(JUnitStarter.java:231)
	at com.intellij.rt.junit.JUnitStarter.main(JUnitStarter.java:55)
2025-09-12 22:03:53,626 INFO [main] AdminQuestsModerationServlet [ ] -
            rejectEdit done actorId=777 owner=own2 name='Name2' questId=q2
2025-09-12 22:03:53,633 INFO [main] AdminQuestsModerationServlet [ ] -
            approveCreate done actorId=777 owner=owner name='QuestName' newId=NEW-ID
2025-09-12 22:03:53,640 INFO [main] AdminQuestsModerationServlet [ ] -
            approveEdit done actorId=777 owner=ol name='EditedQuest' questId=q1
2025-09-12 22:03:53,646 INFO [main] AdminQuestsModerationServlet [ ] -
            rejectCreate done actorId=777 owner=own name='Q'
2025-09-12 22:03:53,651 WARN [main] AdminQuestsModerationServlet [ ] -
            Moderation POST unknown action action=weird id=id1
2025-09-12 22:03:53,655 WARN [main] AdminQuestsModerationServlet [ ] -
            Moderation POST missing params action=null id=x
2025-09-12 22:03:53,662 INFO [main] AdminQuestsModerationServlet [ ] -
            Moderation list opened pendingNew=1 pendingEdit=1
2025-09-12 22:03:53,667 INFO [main] LogoutServlet [ ] -
            Session invalidated without user attribute
2025-09-12 22:03:53,672 DEBUG [main] LogoutServlet [ ] -
            Logout called but no session present
2025-09-12 22:03:53,675 WARN [main] LogoutServlet [ ] -
            Logout attempted via GET uri=null
2025-09-12 22:03:53,677 WARN [main] AuthServlet [ ] -
            POST unknown path=/nope
2025-09-12 22:03:53,687 INFO [main] AuthServlet [ ] -
            Register success userId=null login='null' redirect=/ctx/
2025-09-12 22:03:53,692 WARN [main] AuthServlet [ ] -
            Register failed login='john' reason=exists
2025-09-12 22:03:53,698 ERROR [main] AuthServlet [ ] -
            Register internal error login='u'
java.lang.IllegalStateException: boom
	at com.javarush.apalinskiy.web.servlet.AuthServlet.handleRegister(AuthServlet.java:93)
	at com.javarush.apalinskiy.web.servlet.AuthServlet.doPost(AuthServlet.java:62)
	at com.javarush.apalinskiy.web.servlet.AuthServletTest$PostRegister.register_internal_error(AuthServletTest.java:285)
	at java.base/jdk.internal.reflect.DirectMethodHandleAccessor.invoke(DirectMethodHandleAccessor.java:103)
	at java.base/java.lang.reflect.Method.invoke(Method.java:580)
	at org.junit.platform.commons.util.ReflectionUtils.invokeMethod(ReflectionUtils.java:728)
	at org.junit.jupiter.engine.execution.MethodInvocation.proceed(MethodInvocation.java:60)
	at org.junit.jupiter.engine.execution.InvocationInterceptorChain$ValidatingInvocation.proceed(InvocationInterceptorChain.java:131)
	at org.junit.jupiter.engine.extension.TimeoutExtension.intercept(TimeoutExtension.java:156)
	at org.junit.jupiter.engine.extension.TimeoutExtension.interceptTestableMethod(TimeoutExtension.java:147)
	at org.junit.jupiter.engine.extension.TimeoutExtension.interceptTestMethod(TimeoutExtension.java:86)
	at org.junit.jupiter.engine.execution.InterceptingExecutableInvoker$ReflectiveInterceptorCall.lambda$ofVoidMethod$0(InterceptingExecutableInvoker.java:103)
	at org.junit.jupiter.engine.execution.InterceptingExecutableInvoker.lambda$invoke$0(InterceptingExecutableInvoker.java:93)
	at org.junit.jupiter.engine.execution.InvocationInterceptorChain$InterceptedInvocation.proceed(InvocationInterceptorChain.java:106)
	at org.junit.jupiter.engine.execution.InvocationInterceptorChain.proceed(InvocationInterceptorChain.java:64)
	at org.junit.jupiter.engine.execution.InvocationInterceptorChain.chainAndInvoke(InvocationInterceptorChain.java:45)
	at org.junit.jupiter.engine.execution.InvocationInterceptorChain.invoke(InvocationInterceptorChain.java:37)
	at org.junit.jupiter.engine.execution.InterceptingExecutableInvoker.invoke(InterceptingExecutableInvoker.java:92)
	at org.junit.jupiter.engine.execution.InterceptingExecutableInvoker.invoke(InterceptingExecutableInvoker.java:86)
	at org.junit.jupiter.engine.descriptor.TestMethodTestDescriptor.lambda$invokeTestMethod$7(TestMethodTestDescriptor.java:218)
	at org.junit.platform.engine.support.hierarchical.ThrowableCollector.execute(ThrowableCollector.java:73)
	at org.junit.jupiter.engine.descriptor.TestMethodTestDescriptor.invokeTestMethod(TestMethodTestDescriptor.java:214)
	at org.junit.jupiter.engine.descriptor.TestMethodTestDescriptor.execute(TestMethodTestDescriptor.java:139)
	at org.junit.jupiter.engine.descriptor.TestMethodTestDescriptor.execute(TestMethodTestDescriptor.java:69)
	at org.junit.platform.engine.support.hierarchical.NodeTestTask.lambda$executeRecursively$6(NodeTestTask.java:156)
	at org.junit.platform.engine.support.hierarchical.ThrowableCollector.execute(ThrowableCollector.java:73)
	at org.junit.platform.engine.support.hierarchical.NodeTestTask.lambda$executeRecursively$8(NodeTestTask.java:146)
	at org.junit.platform.engine.support.hierarchical.Node.around(Node.java:137)
	at org.junit.platform.engine.support.hierarchical.NodeTestTask.lambda$executeRecursively$9(NodeTestTask.java:144)
	at org.junit.platform.engine.support.hierarchical.ThrowableCollector.execute(ThrowableCollector.java:73)
	at org.junit.platform.engine.support.hierarchical.NodeTestTask.executeRecursively(NodeTestTask.java:143)
	at org.junit.platform.engine.support.hierarchical.NodeTestTask.execute(NodeTestTask.java:100)
	at java.base/java.util.ArrayList.forEach(ArrayList.java:1596)
	at org.junit.platform.engine.support.hierarchical.SameThreadHierarchicalTestExecutorService.invokeAll(SameThreadHierarchicalTestExecutorService.java:41)
	at org.junit.platform.engine.support.hierarchical.NodeTestTask.lambda$executeRecursively$6(NodeTestTask.java:160)
	at org.junit.platform.engine.support.hierarchical.ThrowableCollector.execute(ThrowableCollector.java:73)
	at org.junit.platform.engine.support.hierarchical.NodeTestTask.lambda$executeRecursively$8(NodeTestTask.java:146)
	at org.junit.platform.engine.support.hierarchical.Node.around(Node.java:137)
	at org.junit.platform.engine.support.hierarchical.NodeTestTask.lambda$executeRecursively$9(NodeTestTask.java:144)
	at org.junit.platform.engine.support.hierarchical.ThrowableCollector.execute(ThrowableCollector.java:73)
	at org.junit.platform.engine.support.hierarchical.NodeTestTask.executeRecursively(NodeTestTask.java:143)
	at org.junit.platform.engine.support.hierarchical.NodeTestTask.execute(NodeTestTask.java:100)
	at java.base/java.util.ArrayList.forEach(ArrayList.java:1596)
	at org.junit.platform.engine.support.hierarchical.SameThreadHierarchicalTestExecutorService.invokeAll(SameThreadHierarchicalTestExecutorService.java:41)
	at org.junit.platform.engine.support.hierarchical.NodeTestTask.lambda$executeRecursively$6(NodeTestTask.java:160)
	at org.junit.platform.engine.support.hierarchical.ThrowableCollector.execute(ThrowableCollector.java:73)
	at org.junit.platform.engine.support.hierarchical.NodeTestTask.lambda$executeRecursively$8(NodeTestTask.java:146)
	at org.junit.platform.engine.support.hierarchical.Node.around(Node.java:137)
	at org.junit.platform.engine.support.hierarchical.NodeTestTask.lambda$executeRecursively$9(NodeTestTask.java:144)
	at org.junit.platform.engine.support.hierarchical.ThrowableCollector.execute(ThrowableCollector.java:73)
	at org.junit.platform.engine.support.hierarchical.NodeTestTask.executeRecursively(NodeTestTask.java:143)
	at org.junit.platform.engine.support.hierarchical.NodeTestTask.execute(NodeTestTask.java:100)
	at java.base/java.util.ArrayList.forEach(ArrayList.java:1596)
	at org.junit.platform.engine.support.hierarchical.SameThreadHierarchicalTestExecutorService.invokeAll(SameThreadHierarchicalTestExecutorService.java:41)
	at org.junit.platform.engine.support.hierarchical.NodeTestTask.lambda$executeRecursively$6(NodeTestTask.java:160)
	at org.junit.platform.engine.support.hierarchical.ThrowableCollector.execute(ThrowableCollector.java:73)
	at org.junit.platform.engine.support.hierarchical.NodeTestTask.lambda$executeRecursively$8(NodeTestTask.java:146)
	at org.junit.platform.engine.support.hierarchical.Node.around(Node.java:137)
	at org.junit.platform.engine.support.hierarchical.NodeTestTask.lambda$executeRecursively$9(NodeTestTask.java:144)
	at org.junit.platform.engine.support.hierarchical.ThrowableCollector.execute(ThrowableCollector.java:73)
	at org.junit.platform.engine.support.hierarchical.NodeTestTask.executeRecursively(NodeTestTask.java:143)
	at org.junit.platform.engine.support.hierarchical.NodeTestTask.execute(NodeTestTask.java:100)
	at org.junit.platform.engine.support.hierarchical.SameThreadHierarchicalTestExecutorService.submit(SameThreadHierarchicalTestExecutorService.java:35)
	at org.junit.platform.engine.support.hierarchical.HierarchicalTestExecutor.execute(HierarchicalTestExecutor.java:57)
	at org.junit.platform.engine.support.hierarchical.HierarchicalTestEngine.execute(HierarchicalTestEngine.java:54)
	at org.junit.platform.launcher.core.EngineExecutionOrchestrator.execute(EngineExecutionOrchestrator.java:198)
	at org.junit.platform.launcher.core.EngineExecutionOrchestrator.execute(EngineExecutionOrchestrator.java:169)
	at org.junit.platform.launcher.core.EngineExecutionOrchestrator.execute(EngineExecutionOrchestrator.java:93)
	at org.junit.platform.launcher.core.EngineExecutionOrchestrator.lambda$execute$0(EngineExecutionOrchestrator.java:58)
	at org.junit.platform.launcher.core.EngineExecutionOrchestrator.withInterceptedStreams(EngineExecutionOrchestrator.java:141)
	at org.junit.platform.launcher.core.EngineExecutionOrchestrator.execute(EngineExecutionOrchestrator.java:57)
	at org.junit.platform.launcher.core.DefaultLauncher.execute(DefaultLauncher.java:103)
	at org.junit.platform.launcher.core.DefaultLauncher.execute(DefaultLauncher.java:85)
	at org.junit.platform.launcher.core.DelegatingLauncher.execute(DelegatingLauncher.java:47)
	at org.junit.platform.launcher.core.SessionPerRequestLauncher.execute(SessionPerRequestLauncher.java:63)
	at com.intellij.junit5.JUnit5IdeaTestRunner.startRunnerWithArgs(JUnit5IdeaTestRunner.java:57)
	at com.intellij.rt.junit.IdeaTestRunner$Repeater$1.execute(IdeaTestRunner.java:38)
	at com.intellij.rt.execution.junit.TestsRepeater.repeat(TestsRepeater.java:11)
	at com.intellij.rt.junit.IdeaTestRunner$Repeater.startRunnerWithArgs(IdeaTestRunner.java:35)
	at com.intellij.rt.junit.JUnitStarter.prepareStreamsAndStart(JUnitStarter.java:231)
	at com.intellij.rt.junit.JUnitStarter.main(JUnitStarter.java:55)
2025-09-12 22:03:53,705 WARN [main] AuthServlet [ ] -
            Register failed login='j' reason=bad
2025-09-12 22:03:53,713 WARN [main] AuthServlet [ ] -
            Login failed login='john'
2025-09-12 22:03:53,719 INFO [main] AuthServlet [ ] -
            Login success login='john' userId=null redirect=/ctx/quest
2025-09-12 22:03:53,724 WARN [main] AuthServlet [ ] -
            GET unknown path=/unknown
2025-09-12 22:03:53,730 DEBUG [main] AuthServlet [ ] -
            GET /login
2025-09-12 22:03:53,736 DEBUG [main] AuthServlet [ ] -
            GET /register
2025-09-12 22:03:53,743 DEBUG [main] AuthServlet [ ] -
            AuthServlet initialized
2025-09-12 22:03:53,748 ERROR [main] AuthServlet [ ] -
            Initialization failed: UserService not found in ServletContext
java.lang.IllegalStateException: no bean
	at com.javarush.apalinskiy.web.util.Web.ctxBean(Web.java:200)
	at com.javarush.apalinskiy.web.servlet.AuthServlet.init(AuthServlet.java:31)
	at com.javarush.apalinskiy.web.servlet.AuthServletTest$Init.lambda$init_missing_service$3(AuthServletTest.java:92)
	at org.junit.jupiter.api.AssertThrows.assertThrows(AssertThrows.java:53)
	at org.junit.jupiter.api.AssertThrows.assertThrows(AssertThrows.java:35)
	at org.junit.jupiter.api.Assertions.assertThrows(Assertions.java:3115)
	at com.javarush.apalinskiy.web.servlet.AuthServletTest$Init.init_missing_service(AuthServletTest.java:92)
	at java.base/jdk.internal.reflect.DirectMethodHandleAccessor.invoke(DirectMethodHandleAccessor.java:103)
	at java.base/java.lang.reflect.Method.invoke(Method.java:580)
	at org.junit.platform.commons.util.ReflectionUtils.invokeMethod(ReflectionUtils.java:728)
	at org.junit.jupiter.engine.execution.MethodInvocation.proceed(MethodInvocation.java:60)
	at org.junit.jupiter.engine.execution.InvocationInterceptorChain$ValidatingInvocation.proceed(InvocationInterceptorChain.java:131)
	at org.junit.jupiter.engine.extension.TimeoutExtension.intercept(TimeoutExtension.java:156)
	at org.junit.jupiter.engine.extension.TimeoutExtension.interceptTestableMethod(TimeoutExtension.java:147)
	at org.junit.jupiter.engine.extension.TimeoutExtension.interceptTestMethod(TimeoutExtension.java:86)
	at org.junit.jupiter.engine.execution.InterceptingExecutableInvoker$ReflectiveInterceptorCall.lambda$ofVoidMethod$0(InterceptingExecutableInvoker.java:103)
	at org.junit.jupiter.engine.execution.InterceptingExecutableInvoker.lambda$invoke$0(InterceptingExecutableInvoker.java:93)
	at org.junit.jupiter.engine.execution.InvocationInterceptorChain$InterceptedInvocation.proceed(InvocationInterceptorChain.java:106)
	at org.junit.jupiter.engine.execution.InvocationInterceptorChain.proceed(InvocationInterceptorChain.java:64)
	at org.junit.jupiter.engine.execution.InvocationInterceptorChain.chainAndInvoke(InvocationInterceptorChain.java:45)
	at org.junit.jupiter.engine.execution.InvocationInterceptorChain.invoke(InvocationInterceptorChain.java:37)
	at org.junit.jupiter.engine.execution.InterceptingExecutableInvoker.invoke(InterceptingExecutableInvoker.java:92)
	at org.junit.jupiter.engine.execution.InterceptingExecutableInvoker.invoke(InterceptingExecutableInvoker.java:86)
	at org.junit.jupiter.engine.descriptor.TestMethodTestDescriptor.lambda$invokeTestMethod$7(TestMethodTestDescriptor.java:218)
	at org.junit.platform.engine.support.hierarchical.ThrowableCollector.execute(ThrowableCollector.java:73)
	at org.junit.jupiter.engine.descriptor.TestMethodTestDescriptor.invokeTestMethod(TestMethodTestDescriptor.java:214)
	at org.junit.jupiter.engine.descriptor.TestMethodTestDescriptor.execute(TestMethodTestDescriptor.java:139)
	at org.junit.jupiter.engine.descriptor.TestMethodTestDescriptor.execute(TestMethodTestDescriptor.java:69)
	at org.junit.platform.engine.support.hierarchical.NodeTestTask.lambda$executeRecursively$6(NodeTestTask.java:156)
	at org.junit.platform.engine.support.hierarchical.ThrowableCollector.execute(ThrowableCollector.java:73)
	at org.junit.platform.engine.support.hierarchical.NodeTestTask.lambda$executeRecursively$8(NodeTestTask.java:146)
	at org.junit.platform.engine.support.hierarchical.Node.around(Node.java:137)
	at org.junit.platform.engine.support.hierarchical.NodeTestTask.lambda$executeRecursively$9(NodeTestTask.java:144)
	at org.junit.platform.engine.support.hierarchical.ThrowableCollector.execute(ThrowableCollector.java:73)
	at org.junit.platform.engine.support.hierarchical.NodeTestTask.executeRecursively(NodeTestTask.java:143)
	at org.junit.platform.engine.support.hierarchical.NodeTestTask.execute(NodeTestTask.java:100)
	at java.base/java.util.ArrayList.forEach(ArrayList.java:1596)
	at org.junit.platform.engine.support.hierarchical.SameThreadHierarchicalTestExecutorService.invokeAll(SameThreadHierarchicalTestExecutorService.java:41)
	at org.junit.platform.engine.support.hierarchical.NodeTestTask.lambda$executeRecursively$6(NodeTestTask.java:160)
	at org.junit.platform.engine.support.hierarchical.ThrowableCollector.execute(ThrowableCollector.java:73)
	at org.junit.platform.engine.support.hierarchical.NodeTestTask.lambda$executeRecursively$8(NodeTestTask.java:146)
	at org.junit.platform.engine.support.hierarchical.Node.around(Node.java:137)
	at org.junit.platform.engine.support.hierarchical.NodeTestTask.lambda$executeRecursively$9(NodeTestTask.java:144)
	at org.junit.platform.engine.support.hierarchical.ThrowableCollector.execute(ThrowableCollector.java:73)
	at org.junit.platform.engine.support.hierarchical.NodeTestTask.executeRecursively(NodeTestTask.java:143)
	at org.junit.platform.engine.support.hierarchical.NodeTestTask.execute(NodeTestTask.java:100)
	at java.base/java.util.ArrayList.forEach(ArrayList.java:1596)
	at org.junit.platform.engine.support.hierarchical.SameThreadHierarchicalTestExecutorService.invokeAll(SameThreadHierarchicalTestExecutorService.java:41)
	at org.junit.platform.engine.support.hierarchical.NodeTestTask.lambda$executeRecursively$6(NodeTestTask.java:160)
	at org.junit.platform.engine.support.hierarchical.ThrowableCollector.execute(ThrowableCollector.java:73)
	at org.junit.platform.engine.support.hierarchical.NodeTestTask.lambda$executeRecursively$8(NodeTestTask.java:146)
	at org.junit.platform.engine.support.hierarchical.Node.around(Node.java:137)
	at org.junit.platform.engine.support.hierarchical.NodeTestTask.lambda$executeRecursively$9(NodeTestTask.java:144)
	at org.junit.platform.engine.support.hierarchical.ThrowableCollector.execute(ThrowableCollector.java:73)
	at org.junit.platform.engine.support.hierarchical.NodeTestTask.executeRecursively(NodeTestTask.java:143)
	at org.junit.platform.engine.support.hierarchical.NodeTestTask.execute(NodeTestTask.java:100)
	at java.base/java.util.ArrayList.forEach(ArrayList.java:1596)
	at org.junit.platform.engine.support.hierarchical.SameThreadHierarchicalTestExecutorService.invokeAll(SameThreadHierarchicalTestExecutorService.java:41)
	at org.junit.platform.engine.support.hierarchical.NodeTestTask.lambda$executeRecursively$6(NodeTestTask.java:160)
	at org.junit.platform.engine.support.hierarchical.ThrowableCollector.execute(ThrowableCollector.java:73)
	at org.junit.platform.engine.support.hierarchical.NodeTestTask.lambda$executeRecursively$8(NodeTestTask.java:146)
	at org.junit.platform.engine.support.hierarchical.Node.around(Node.java:137)
	at org.junit.platform.engine.support.hierarchical.NodeTestTask.lambda$executeRecursively$9(NodeTestTask.java:144)
	at org.junit.platform.engine.support.hierarchical.ThrowableCollector.execute(ThrowableCollector.java:73)
	at org.junit.platform.engine.support.hierarchical.NodeTestTask.executeRecursively(NodeTestTask.java:143)
	at org.junit.platform.engine.support.hierarchical.NodeTestTask.execute(NodeTestTask.java:100)
	at org.junit.platform.engine.support.hierarchical.SameThreadHierarchicalTestExecutorService.submit(SameThreadHierarchicalTestExecutorService.java:35)
	at org.junit.platform.engine.support.hierarchical.HierarchicalTestExecutor.execute(HierarchicalTestExecutor.java:57)
	at org.junit.platform.engine.support.hierarchical.HierarchicalTestEngine.execute(HierarchicalTestEngine.java:54)
	at org.junit.platform.launcher.core.EngineExecutionOrchestrator.execute(EngineExecutionOrchestrator.java:198)
	at org.junit.platform.launcher.core.EngineExecutionOrchestrator.execute(EngineExecutionOrchestrator.java:169)
	at org.junit.platform.launcher.core.EngineExecutionOrchestrator.execute(EngineExecutionOrchestrator.java:93)
	at org.junit.platform.launcher.core.EngineExecutionOrchestrator.lambda$execute$0(EngineExecutionOrchestrator.java:58)
	at org.junit.platform.launcher.core.EngineExecutionOrchestrator.withInterceptedStreams(EngineExecutionOrchestrator.java:141)
	at org.junit.platform.launcher.core.EngineExecutionOrchestrator.execute(EngineExecutionOrchestrator.java:57)
	at org.junit.platform.launcher.core.DefaultLauncher.execute(DefaultLauncher.java:103)
	at org.junit.platform.launcher.core.DefaultLauncher.execute(DefaultLauncher.java:85)
	at org.junit.platform.launcher.core.DelegatingLauncher.execute(DelegatingLauncher.java:47)
	at org.junit.platform.launcher.core.SessionPerRequestLauncher.execute(SessionPerRequestLauncher.java:63)
	at com.intellij.junit5.JUnit5IdeaTestRunner.startRunnerWithArgs(JUnit5IdeaTestRunner.java:57)
	at com.intellij.rt.junit.IdeaTestRunner$Repeater$1.execute(IdeaTestRunner.java:38)
	at com.intellij.rt.execution.junit.TestsRepeater.repeat(TestsRepeater.java:11)
	at com.intellij.rt.junit.IdeaTestRunner$Repeater.startRunnerWithArgs(IdeaTestRunner.java:35)
	at com.intellij.rt.junit.JUnitStarter.prepareStreamsAndStart(JUnitStarter.java:231)
	at com.intellij.rt.junit.JUnitStarter.main(JUnitStarter.java:55)
2025-09-12 22:03:53,990 WARN [main] InMemoryQuestStore [ ] -
            sha256 calculation failed, returning 'unknown'
java.lang.NullPointerException: Cannot read the array length because "input" is null
	at java.base/java.security.MessageDigest.update(MessageDigest.java:357)
	at java.base/java.security.MessageDigest.digest(MessageDigest.java:432)
	at com.javarush.apalinskiy.repository.inmemory.quest.InMemoryQuestStore.sha256(InMemoryQuestStore.java:229)
	at java.base/jdk.internal.reflect.DirectMethodHandleAccessor.invoke(DirectMethodHandleAccessor.java:103)
	at java.base/java.lang.reflect.Method.invoke(Method.java:580)
	at com.javarush.apalinskiy.repository.inmemory.quest.InMemoryQuestStoreTest$InMemoryQuestStoreSha256Test.returnsUnknownOnException(InMemoryQuestStoreTest.java:506)
	at java.base/jdk.internal.reflect.DirectMethodHandleAccessor.invoke(DirectMethodHandleAccessor.java:103)
	at java.base/java.lang.reflect.Method.invoke(Method.java:580)
	at org.junit.platform.commons.util.ReflectionUtils.invokeMethod(ReflectionUtils.java:728)
	at org.junit.jupiter.engine.execution.MethodInvocation.proceed(MethodInvocation.java:60)
	at org.junit.jupiter.engine.execution.InvocationInterceptorChain$ValidatingInvocation.proceed(InvocationInterceptorChain.java:131)
	at org.junit.jupiter.engine.extension.TimeoutExtension.intercept(TimeoutExtension.java:156)
	at org.junit.jupiter.engine.extension.TimeoutExtension.interceptTestableMethod(TimeoutExtension.java:147)
	at org.junit.jupiter.engine.extension.TimeoutExtension.interceptTestMethod(TimeoutExtension.java:86)
	at org.junit.jupiter.engine.execution.InterceptingExecutableInvoker$ReflectiveInterceptorCall.lambda$ofVoidMethod$0(InterceptingExecutableInvoker.java:103)
	at org.junit.jupiter.engine.execution.InterceptingExecutableInvoker.lambda$invoke$0(InterceptingExecutableInvoker.java:93)
	at org.junit.jupiter.engine.execution.InvocationInterceptorChain$InterceptedInvocation.proceed(InvocationInterceptorChain.java:106)
	at org.junit.jupiter.engine.execution.InvocationInterceptorChain.proceed(InvocationInterceptorChain.java:64)
	at org.junit.jupiter.engine.execution.InvocationInterceptorChain.chainAndInvoke(InvocationInterceptorChain.java:45)
	at org.junit.jupiter.engine.execution.InvocationInterceptorChain.invoke(InvocationInterceptorChain.java:37)
	at org.junit.jupiter.engine.execution.InterceptingExecutableInvoker.invoke(InterceptingExecutableInvoker.java:92)
	at org.junit.jupiter.engine.execution.InterceptingExecutableInvoker.invoke(InterceptingExecutableInvoker.java:86)
	at org.junit.jupiter.engine.descriptor.TestMethodTestDescriptor.lambda$invokeTestMethod$7(TestMethodTestDescriptor.java:218)
	at org.junit.platform.engine.support.hierarchical.ThrowableCollector.execute(ThrowableCollector.java:73)
	at org.junit.jupiter.engine.descriptor.TestMethodTestDescriptor.invokeTestMethod(TestMethodTestDescriptor.java:214)
	at org.junit.jupiter.engine.descriptor.TestMethodTestDescriptor.execute(TestMethodTestDescriptor.java:139)
	at org.junit.jupiter.engine.descriptor.TestMethodTestDescriptor.execute(TestMethodTestDescriptor.java:69)
	at org.junit.platform.engine.support.hierarchical.NodeTestTask.lambda$executeRecursively$6(NodeTestTask.java:156)
	at org.junit.platform.engine.support.hierarchical.ThrowableCollector.execute(ThrowableCollector.java:73)
	at org.junit.platform.engine.support.hierarchical.NodeTestTask.lambda$executeRecursively$8(NodeTestTask.java:146)
	at org.junit.platform.engine.support.hierarchical.Node.around(Node.java:137)
	at org.junit.platform.engine.support.hierarchical.NodeTestTask.lambda$executeRecursively$9(NodeTestTask.java:144)
	at org.junit.platform.engine.support.hierarchical.ThrowableCollector.execute(ThrowableCollector.java:73)
	at org.junit.platform.engine.support.hierarchical.NodeTestTask.executeRecursively(NodeTestTask.java:143)
	at org.junit.platform.engine.support.hierarchical.NodeTestTask.execute(NodeTestTask.java:100)
	at java.base/java.util.ArrayList.forEach(ArrayList.java:1596)
	at org.junit.platform.engine.support.hierarchical.SameThreadHierarchicalTestExecutorService.invokeAll(SameThreadHierarchicalTestExecutorService.java:41)
	at org.junit.platform.engine.support.hierarchical.NodeTestTask.lambda$executeRecursively$6(NodeTestTask.java:160)
	at org.junit.platform.engine.support.hierarchical.ThrowableCollector.execute(ThrowableCollector.java:73)
	at org.junit.platform.engine.support.hierarchical.NodeTestTask.lambda$executeRecursively$8(NodeTestTask.java:146)
	at org.junit.platform.engine.support.hierarchical.Node.around(Node.java:137)
	at org.junit.platform.engine.support.hierarchical.NodeTestTask.lambda$executeRecursively$9(NodeTestTask.java:144)
	at org.junit.platform.engine.support.hierarchical.ThrowableCollector.execute(ThrowableCollector.java:73)
	at org.junit.platform.engine.support.hierarchical.NodeTestTask.executeRecursively(NodeTestTask.java:143)
	at org.junit.platform.engine.support.hierarchical.NodeTestTask.execute(NodeTestTask.java:100)
	at java.base/java.util.ArrayList.forEach(ArrayList.java:1596)
	at org.junit.platform.engine.support.hierarchical.SameThreadHierarchicalTestExecutorService.invokeAll(SameThreadHierarchicalTestExecutorService.java:41)
	at org.junit.platform.engine.support.hierarchical.NodeTestTask.lambda$executeRecursively$6(NodeTestTask.java:160)
	at org.junit.platform.engine.support.hierarchical.ThrowableCollector.execute(ThrowableCollector.java:73)
	at org.junit.platform.engine.support.hierarchical.NodeTestTask.lambda$executeRecursively$8(NodeTestTask.java:146)
	at org.junit.platform.engine.support.hierarchical.Node.around(Node.java:137)
	at org.junit.platform.engine.support.hierarchical.NodeTestTask.lambda$executeRecursively$9(NodeTestTask.java:144)
	at org.junit.platform.engine.support.hierarchical.ThrowableCollector.execute(ThrowableCollector.java:73)
	at org.junit.platform.engine.support.hierarchical.NodeTestTask.executeRecursively(NodeTestTask.java:143)
	at org.junit.platform.engine.support.hierarchical.NodeTestTask.execute(NodeTestTask.java:100)
	at java.base/java.util.ArrayList.forEach(ArrayList.java:1596)
	at org.junit.platform.engine.support.hierarchical.SameThreadHierarchicalTestExecutorService.invokeAll(SameThreadHierarchicalTestExecutorService.java:41)
	at org.junit.platform.engine.support.hierarchical.NodeTestTask.lambda$executeRecursively$6(NodeTestTask.java:160)
	at org.junit.platform.engine.support.hierarchical.ThrowableCollector.execute(ThrowableCollector.java:73)
	at org.junit.platform.engine.support.hierarchical.NodeTestTask.lambda$executeRecursively$8(NodeTestTask.java:146)
	at org.junit.platform.engine.support.hierarchical.Node.around(Node.java:137)
	at org.junit.platform.engine.support.hierarchical.NodeTestTask.lambda$executeRecursively$9(NodeTestTask.java:144)
	at org.junit.platform.engine.support.hierarchical.ThrowableCollector.execute(ThrowableCollector.java:73)
	at org.junit.platform.engine.support.hierarchical.NodeTestTask.executeRecursively(NodeTestTask.java:143)
	at org.junit.platform.engine.support.hierarchical.NodeTestTask.execute(NodeTestTask.java:100)
	at org.junit.platform.engine.support.hierarchical.SameThreadHierarchicalTestExecutorService.submit(SameThreadHierarchicalTestExecutorService.java:35)
	at org.junit.platform.engine.support.hierarchical.HierarchicalTestExecutor.execute(HierarchicalTestExecutor.java:57)
	at org.junit.platform.engine.support.hierarchical.HierarchicalTestEngine.execute(HierarchicalTestEngine.java:54)
	at org.junit.platform.launcher.core.EngineExecutionOrchestrator.execute(EngineExecutionOrchestrator.java:198)
	at org.junit.platform.launcher.core.EngineExecutionOrchestrator.execute(EngineExecutionOrchestrator.java:169)
	at org.junit.platform.launcher.core.EngineExecutionOrchestrator.execute(EngineExecutionOrchestrator.java:93)
	at org.junit.platform.launcher.core.EngineExecutionOrchestrator.lambda$execute$0(EngineExecutionOrchestrator.java:58)
	at org.junit.platform.launcher.core.EngineExecutionOrchestrator.withInterceptedStreams(EngineExecutionOrchestrator.java:141)
	at org.junit.platform.launcher.core.EngineExecutionOrchestrator.execute(EngineExecutionOrchestrator.java:57)
	at org.junit.platform.launcher.core.DefaultLauncher.execute(DefaultLauncher.java:103)
	at org.junit.platform.launcher.core.DefaultLauncher.execute(DefaultLauncher.java:85)
	at org.junit.platform.launcher.core.DelegatingLauncher.execute(DelegatingLauncher.java:47)
	at org.junit.platform.launcher.core.SessionPerRequestLauncher.execute(SessionPerRequestLauncher.java:63)
	at com.intellij.junit5.JUnit5IdeaTestRunner.startRunnerWithArgs(JUnit5IdeaTestRunner.java:57)
	at com.intellij.rt.junit.IdeaTestRunner$Repeater$1.execute(IdeaTestRunner.java:38)
	at com.intellij.rt.execution.junit.TestsRepeater.repeat(TestsRepeater.java:11)
	at com.intellij.rt.junit.IdeaTestRunner$Repeater.startRunnerWithArgs(IdeaTestRunner.java:35)
	at com.intellij.rt.junit.JUnitStarter.prepareStreamsAndStart(JUnitStarter.java:231)
	at com.intellij.rt.junit.JUnitStarter.main(JUnitStarter.java:55)
2025-09-12 22:03:53,993 DEBUG [main] InMemoryQuestStore [ ] -
            QuestStore created editingMode=true startId=1 version=draft:empty
2025-09-12 22:03:53,995 DEBUG [main] InMemoryQuestStore [ ] -
            rebuild() done mode=editing nodes=2 startId=1 version=draft:1757700233994
2025-09-12 22:03:53,995 DEBUG [main] InMemoryQuestStore [ ] -
            reload() nodes=2 startId=1 markEdited=true
2025-09-12 22:03:53,996 DEBUG [main] InMemoryQuestStore [ ] -
            QuestStore created editingMode=true startId=1 version=draft:empty
2025-09-12 22:03:53,996 DEBUG [main] InMemoryQuestStore [ ] -
            rebuild() done mode=editing nodes=2 startId=1 version=draft:1757700233996
2025-09-12 22:03:53,996 DEBUG [main] InMemoryQuestStore [ ] -
            reload() nodes=2 startId=1 markEdited=true
2025-09-12 22:03:53,997 DEBUG [main] InMemoryQuestStore [ ] -
            QuestStore created editingMode=true startId=1 version=draft:empty
2025-09-12 22:03:53,997 DEBUG [main] InMemoryQuestStore [ ] -
            rebuild() done mode=editing nodes=2 startId=1 version=draft:1757700233997
2025-09-12 22:03:53,997 DEBUG [main] InMemoryQuestStore [ ] -
            reload() nodes=2 startId=1 markEdited=true
2025-09-12 22:03:53,999 DEBUG [main] InMemoryQuestStore [ ] -
            QuestStore created editingMode=true startId=999 version=draft:empty
2025-09-12 22:03:54,002 WARN [main] InMemoryQuestStore [ ] -
            rebuild() invalid startId=999, using effectiveStart=3 (editingMode)
2025-09-12 22:03:54,002 DEBUG [main] InMemoryQuestStore [ ] -
            rebuild() done mode=editing nodes=3 startId=999 version=draft:1757700234002
2025-09-12 22:03:54,002 DEBUG [main] InMemoryQuestStore [ ] -
            reload() nodes=3 startId=999 markEdited=true
2025-09-12 22:03:54,003 DEBUG [main] InMemoryQuestStore [ ] -
            QuestStore created editingMode=true startId=0 version=draft:empty
2025-09-12 22:03:54,004 DEBUG [main] InMemoryQuestStore [ ] -
            rebuild() done mode=editing nodes=1 startId=10 version=draft:1757700234004
2025-09-12 22:03:54,004 DEBUG [main] InMemoryQuestStore [ ] -
            replaceNode(id=10) done: newSize=1 newStartId=10
2025-09-12 22:03:54,021 DEBUG [main] InMemoryQuestStore [ ] -
            rebuild() done mode=editing nodes=0 startId=7 version=draft:1757700234021
2025-09-12 22:03:54,021 DEBUG [main] InMemoryQuestStore [ ] -
            reload() nodes=0 startId=7 markEdited=true
2025-09-12 22:03:54,021 WARN [main] InMemoryQuestStore [ ] -
            start() called but navigator is null (empty store), startId=7
2025-09-12 22:03:54,023 DEBUG [main] InMemoryQuestStore [ ] -
            QuestStore created editingMode=true startId=1 version=draft:empty
2025-09-12 22:03:54,023 DEBUG [main] InMemoryQuestStore [ ] -
            rebuild() done mode=editing nodes=0 startId=1 version=draft:1757700234023
2025-09-12 22:03:54,023 DEBUG [main] InMemoryQuestStore [ ] -
            reload() nodes=0 startId=1 markEdited=true
2025-09-12 22:03:54,023 WARN [main] InMemoryQuestStore [ ] -
            start() called but navigator is null (empty store), startId=1
2025-09-12 22:03:54,025 DEBUG [main] InMemoryQuestStore [ ] -
            QuestStore created editingMode=true startId=0 version=draft:empty
2025-09-12 22:03:54,025 DEBUG [main] InMemoryQuestStore [ ] -
            rebuild() done mode=editing nodes=2 startId=5 version=draft:1757700234025
2025-09-12 22:03:54,025 DEBUG [main] InMemoryQuestStore [ ] -
            reload() nodes=2 startId=5 markEdited=true
2025-09-12 22:03:54,029 DEBUG [main] InMemoryQuestStore [ ] -
            QuestStore created editingMode=true startId=0 version=draft:empty
2025-09-12 22:03:54,030 DEBUG [main] InMemoryQuestStore [ ] -
            rebuild() done mode=editing nodes=1 startId=10 version=draft:1757700234030
2025-09-12 22:03:54,030 DEBUG [main] InMemoryQuestStore [ ] -
            replaceNode(id=10) done: newSize=1 newStartId=10
2025-09-12 22:03:54,030 DEBUG [main] InMemoryQuestStore [ ] -
            clearDraft() set startId=77 version=draft:empty
2025-09-12 22:03:54,030 WARN [main] InMemoryQuestStore [ ] -
            start() called but navigator is null (empty store), startId=77
2025-09-12 22:03:54,032 DEBUG [main] InMemoryQuestStore [ ] -
            QuestStore created editingMode=true startId=1 version=draft:empty
2025-09-12 22:03:54,032 DEBUG [main] InMemoryQuestStore [ ] -
            rebuild() done mode=editing nodes=2 startId=1 version=draft:1757700234032
2025-09-12 22:03:54,033 DEBUG [main] InMemoryQuestStore [ ] -
            reload() nodes=2 startId=1 markEdited=true
2025-09-12 22:03:54,033 DEBUG [main] InMemoryQuestStore [ ] -
            rebuild() done mode=editing nodes=2 startId=2 version=draft:1757700234033
2025-09-12 22:03:54,033 DEBUG [main] InMemoryQuestStore [ ] -
            setStartId(2) rebuilt navigator
2025-09-12 22:03:54,034 DEBUG [main] InMemoryQuestStore [ ] -
            QuestStore created editingMode=true startId=5 version=draft:empty
2025-09-12 22:03:54,034 WARN [main] InMemoryQuestStore [ ] -
            setStartId(7) applied but navigator is null
2025-09-12 22:03:54,034 WARN [main] InMemoryQuestStore [ ] -
            start() called but navigator is null (empty store), startId=7
2025-09-12 22:03:54,035 DEBUG [main] InMemoryQuestStore [ ] -
            QuestStore created editingMode=true startId=1 version=draft:empty
2025-09-12 22:03:54,036 DEBUG [main] InMemoryQuestStore [ ] -
            rebuild() done mode=editing nodes=3 startId=3 version=draft:1757700234036
2025-09-12 22:03:54,036 DEBUG [main] InMemoryQuestStore [ ] -
            reload() nodes=3 startId=3 markEdited=true
2025-09-12 22:03:54,039 DEBUG [main] InMemoryQuestStore [ ] -
            QuestStore created editingMode=true startId=1 version=draft:empty
2025-09-12 22:03:54,040 WARN [main] InMemoryQuestStore [ ] -
            rebuild() invalid startId=1, using effectiveStart=2 (editingMode)
2025-09-12 22:03:54,040 DEBUG [main] InMemoryQuestStore [ ] -
            rebuild() done mode=editing nodes=1 startId=1 version=draft:1757700234040
2025-09-12 22:03:54,040 DEBUG [main] InMemoryQuestStore [ ] -
            replaceNode(id=2) done: newSize=1 newStartId=1
2025-09-12 22:03:54,040 WARN [main] InMemoryQuestStore [ ] -
            deleteNode(99) skipped: id not found
2025-09-12 22:03:54,041 DEBUG [main] InMemoryQuestStore [ ] -
            QuestStore created editingMode=true startId=1 version=draft:empty
2025-09-12 22:03:54,041 DEBUG [main] InMemoryQuestStore [ ] -
            rebuild() done mode=editing nodes=3 startId=1 version=draft:1757700234041
2025-09-12 22:03:54,042 DEBUG [main] InMemoryQuestStore [ ] -
            reload() nodes=3 startId=1 markEdited=true
2025-09-12 22:03:54,042 DEBUG [main] InMemoryQuestStore [ ] -
            rebuild() done mode=editing nodes=2 startId=1 version=draft:1757700234042
2025-09-12 22:03:54,042 DEBUG [main] InMemoryQuestStore [ ] -
            deleteNode(2) done: newSize=2 newStartId=1
2025-09-12 22:03:54,043 DEBUG [main] InMemoryQuestStore [ ] -
            QuestStore created editingMode=true startId=1 version=draft:empty
2025-09-12 22:03:54,044 DEBUG [main] InMemoryQuestStore [ ] -
            rebuild() done mode=editing nodes=2 startId=1 version=draft:1757700234044
2025-09-12 22:03:54,044 DEBUG [main] InMemoryQuestStore [ ] -
            reload() nodes=2 startId=1 markEdited=true
2025-09-12 22:03:54,044 WARN [main] InMemoryQuestStore [ ] -
            rebuild() invalid startId=0, using effectiveStart=2 (editingMode)
2025-09-12 22:03:54,045 DEBUG [main] InMemoryQuestStore [ ] -
            rebuild() done mode=editing nodes=1 startId=0 version=draft:1757700234045
2025-09-12 22:03:54,045 DEBUG [main] InMemoryQuestStore [ ] -
            deleteNode(1) done: newSize=1 newStartId=0
2025-09-12 22:03:54,046 DEBUG [main] InMemoryQuestStore [ ] -
            QuestStore created editingMode=true startId=1 version=draft:empty
2025-09-12 22:03:54,047 WARN [main] InMemoryQuestStore [ ] -
            deleteNode(1) skipped: navigator is null
2025-09-12 22:03:54,049 DEBUG [main] InMemoryQuestStore [ ] -
            QuestStore created editingMode=true startId=1 version=draft:empty
2025-09-12 22:03:54,049 DEBUG [main] InMemoryQuestStore [ ] -
            rebuild() done mode=editing nodes=2 startId=1 version=draft:1757700234049
2025-09-12 22:03:54,049 DEBUG [main] InMemoryQuestStore [ ] -
            reload() nodes=2 startId=1 markEdited=true
2025-09-12 22:03:54,049 DEBUG [main] InMemoryQuestStore [ ] -
            rebuild() done mode=editing nodes=2 startId=1 version=draft:1757700234049
2025-09-12 22:03:54,049 DEBUG [main] InMemoryQuestStore [ ] -
            replaceNode(id=1) done: newSize=2 newStartId=1
2025-09-12 22:03:54,050 DEBUG [main] InMemoryQuestStore [ ] -
            QuestStore created editingMode=true startId=0 version=draft:empty
2025-09-12 22:03:54,051 DEBUG [main] InMemoryQuestStore [ ] -
            rebuild() done mode=editing nodes=1 startId=10 version=draft:1757700234051
2025-09-12 22:03:54,051 DEBUG [main] InMemoryQuestStore [ ] -
            replaceNode(id=10) done: newSize=1 newStartId=10
2025-09-12 22:03:54,052 DEBUG [main] InMemoryQuestStore [ ] -
            QuestStore created editingMode=true startId=100 version=draft:empty
2025-09-12 22:03:54,053 WARN [main] InMemoryQuestStore [ ] -
            rebuild() invalid startId=100, using effectiveStart=10 (editingMode)
2025-09-12 22:03:54,053 DEBUG [main] InMemoryQuestStore [ ] -
            rebuild() done mode=editing nodes=1 startId=100 version=draft:1757700234053
2025-09-12 22:03:54,053 DEBUG [main] InMemoryQuestStore [ ] -
            replaceNode(id=10) done: newSize=1 newStartId=100
2025-09-12 22:03:54,054 DEBUG [main] InMemoryQuestStore [ ] -
            QuestStore created editingMode=true startId=0 version=draft:empty
2025-09-12 22:03:54,054 DEBUG [main] InMemoryQuestStore [ ] -
            rebuild() done mode=editing nodes=1 startId=1 version=draft:1757700234054
2025-09-12 22:03:54,054 DEBUG [main] InMemoryQuestStore [ ] -
            replaceNode(id=1) done: newSize=1 newStartId=1
2025-09-12 22:03:54,059 DEBUG [main] InMemoryQuestStore [ ] -
            QuestStore created editingMode=false startId=0 version=ver
2025-09-12 22:03:54,060 DEBUG [main] InMemoryQuestStore [ ] -
            rebuild() done mode=live nodes=2 startId=1 version=live:1757700234060
2025-09-12 22:03:54,060 DEBUG [main] InMemoryQuestStore [ ] -
            reload() nodes=2 startId=1 markEdited=false
2025-09-12 22:03:54,064 DEBUG [main] InMemoryQuestStore [ ] -
            QuestStore created editingMode=true startId=0 version=ver
2025-09-12 22:03:54,064 DEBUG [main] InMemoryQuestStore [ ] -
            rebuild() done mode=editing nodes=1 startId=5 version=draft:1757700234064
2025-09-12 22:03:54,064 DEBUG [main] InMemoryQuestStore [ ] -
            replaceNode(id=5) done: newSize=1 newStartId=5
2025-09-12 22:03:54,067 DEBUG [main] InMemoryQuestStore [ ] -
            QuestStore created editingMode=true startId=7 version=ver
2025-09-12 22:03:54,069 DEBUG [main] InMemoryQuestStore [ ] -
            QuestStore created editingMode=true startId=1 version=ver
2025-09-12 22:03:54,069 DEBUG [main] InMemoryQuestStore [ ] -
            rebuild() done mode=editing nodes=0 startId=0 version=draft:1757700234069
2025-09-12 22:03:54,069 DEBUG [main] InMemoryQuestStore [ ] -
            deleteNode(1) done: newSize=0 newStartId=0
2025-09-12 22:03:54,069 WARN [main] InMemoryQuestStore [ ] -
            get(1) called but navigator is null
2025-09-12 22:03:54,078 INFO [main] InMemoryQuestStore [ ] -
            Loaded quest resource resource=quest.json bytes=132
2025-09-12 22:03:54,385 INFO [main] InMemoryQuestStore [ ] -
            Quest parsed nodes=2 startId=1 version=sha256:ef797127e5c85dee93243260cd6c70d67d7fe5cdf0f0c5cfa56fc6bd5e11d10b parseMs=305
2025-09-12 22:03:54,385 DEBUG [main] InMemoryQuestStore [ ] -
            QuestStore created editingMode=false startId=1 version=sha256:ef797127e5c85dee93243260cd6c70d67d7fe5cdf0f0c5cfa56fc6bd5e11d10b
2025-09-12 22:03:54,388 ERROR [main] InMemoryQuestStore [ ] -
            Failed to load quest resource resource=no/such/resource.json startId=1
java.io.IOException: Resource not found on classpath: no/such/resource.json
	at com.javarush.apalinskiy.repository.inmemory.quest.InMemoryQuestStore.fromClasspath(InMemoryQuestStore.java:53)
	at com.javarush.apalinskiy.repository.inmemory.quest.InMemoryQuestStoreTest$FromClasspath.lambda$throwsWhenMissing$0(InMemoryQuestStoreTest.java:94)
	at org.junit.jupiter.api.AssertThrows.assertThrows(AssertThrows.java:53)
	at org.junit.jupiter.api.AssertThrows.assertThrows(AssertThrows.java:35)
	at org.junit.jupiter.api.Assertions.assertThrows(Assertions.java:3115)
	at com.javarush.apalinskiy.repository.inmemory.quest.InMemoryQuestStoreTest$FromClasspath.throwsWhenMissing(InMemoryQuestStoreTest.java:93)
	at java.base/jdk.internal.reflect.DirectMethodHandleAccessor.invoke(DirectMethodHandleAccessor.java:103)
	at java.base/java.lang.reflect.Method.invoke(Method.java:580)
	at org.junit.platform.commons.util.ReflectionUtils.invokeMethod(ReflectionUtils.java:728)
	at org.junit.jupiter.engine.execution.MethodInvocation.proceed(MethodInvocation.java:60)
	at org.junit.jupiter.engine.execution.InvocationInterceptorChain$ValidatingInvocation.proceed(InvocationInterceptorChain.java:131)
	at org.junit.jupiter.engine.extension.TimeoutExtension.intercept(TimeoutExtension.java:156)
	at org.junit.jupiter.engine.extension.TimeoutExtension.interceptTestableMethod(TimeoutExtension.java:147)
	at org.junit.jupiter.engine.extension.TimeoutExtension.interceptTestMethod(TimeoutExtension.java:86)
	at org.junit.jupiter.engine.execution.InterceptingExecutableInvoker$ReflectiveInterceptorCall.lambda$ofVoidMethod$0(InterceptingExecutableInvoker.java:103)
	at org.junit.jupiter.engine.execution.InterceptingExecutableInvoker.lambda$invoke$0(InterceptingExecutableInvoker.java:93)
	at org.junit.jupiter.engine.execution.InvocationInterceptorChain$InterceptedInvocation.proceed(InvocationInterceptorChain.java:106)
	at org.junit.jupiter.engine.execution.InvocationInterceptorChain.proceed(InvocationInterceptorChain.java:64)
	at org.junit.jupiter.engine.execution.InvocationInterceptorChain.chainAndInvoke(InvocationInterceptorChain.java:45)
	at org.junit.jupiter.engine.execution.InvocationInterceptorChain.invoke(InvocationInterceptorChain.java:37)
	at org.junit.jupiter.engine.execution.InterceptingExecutableInvoker.invoke(InterceptingExecutableInvoker.java:92)
	at org.junit.jupiter.engine.execution.InterceptingExecutableInvoker.invoke(InterceptingExecutableInvoker.java:86)
	at org.junit.jupiter.engine.descriptor.TestMethodTestDescriptor.lambda$invokeTestMethod$7(TestMethodTestDescriptor.java:218)
	at org.junit.platform.engine.support.hierarchical.ThrowableCollector.execute(ThrowableCollector.java:73)
	at org.junit.jupiter.engine.descriptor.TestMethodTestDescriptor.invokeTestMethod(TestMethodTestDescriptor.java:214)
	at org.junit.jupiter.engine.descriptor.TestMethodTestDescriptor.execute(TestMethodTestDescriptor.java:139)
	at org.junit.jupiter.engine.descriptor.TestMethodTestDescriptor.execute(TestMethodTestDescriptor.java:69)
	at org.junit.platform.engine.support.hierarchical.NodeTestTask.lambda$executeRecursively$6(NodeTestTask.java:156)
	at org.junit.platform.engine.support.hierarchical.ThrowableCollector.execute(ThrowableCollector.java:73)
	at org.junit.platform.engine.support.hierarchical.NodeTestTask.lambda$executeRecursively$8(NodeTestTask.java:146)
	at org.junit.platform.engine.support.hierarchical.Node.around(Node.java:137)
	at org.junit.platform.engine.support.hierarchical.NodeTestTask.lambda$executeRecursively$9(NodeTestTask.java:144)
	at org.junit.platform.engine.support.hierarchical.ThrowableCollector.execute(ThrowableCollector.java:73)
	at org.junit.platform.engine.support.hierarchical.NodeTestTask.executeRecursively(NodeTestTask.java:143)
	at org.junit.platform.engine.support.hierarchical.NodeTestTask.execute(NodeTestTask.java:100)
	at java.base/java.util.ArrayList.forEach(ArrayList.java:1596)
	at org.junit.platform.engine.support.hierarchical.SameThreadHierarchicalTestExecutorService.invokeAll(SameThreadHierarchicalTestExecutorService.java:41)
	at org.junit.platform.engine.support.hierarchical.NodeTestTask.lambda$executeRecursively$6(NodeTestTask.java:160)
	at org.junit.platform.engine.support.hierarchical.ThrowableCollector.execute(ThrowableCollector.java:73)
	at org.junit.platform.engine.support.hierarchical.NodeTestTask.lambda$executeRecursively$8(NodeTestTask.java:146)
	at org.junit.platform.engine.support.hierarchical.Node.around(Node.java:137)
	at org.junit.platform.engine.support.hierarchical.NodeTestTask.lambda$executeRecursively$9(NodeTestTask.java:144)
	at org.junit.platform.engine.support.hierarchical.ThrowableCollector.execute(ThrowableCollector.java:73)
	at org.junit.platform.engine.support.hierarchical.NodeTestTask.executeRecursively(NodeTestTask.java:143)
	at org.junit.platform.engine.support.hierarchical.NodeTestTask.execute(NodeTestTask.java:100)
	at java.base/java.util.ArrayList.forEach(ArrayList.java:1596)
	at org.junit.platform.engine.support.hierarchical.SameThreadHierarchicalTestExecutorService.invokeAll(SameThreadHierarchicalTestExecutorService.java:41)
	at org.junit.platform.engine.support.hierarchical.NodeTestTask.lambda$executeRecursively$6(NodeTestTask.java:160)
	at org.junit.platform.engine.support.hierarchical.ThrowableCollector.execute(ThrowableCollector.java:73)
	at org.junit.platform.engine.support.hierarchical.NodeTestTask.lambda$executeRecursively$8(NodeTestTask.java:146)
	at org.junit.platform.engine.support.hierarchical.Node.around(Node.java:137)
	at org.junit.platform.engine.support.hierarchical.NodeTestTask.lambda$executeRecursively$9(NodeTestTask.java:144)
	at org.junit.platform.engine.support.hierarchical.ThrowableCollector.execute(ThrowableCollector.java:73)
	at org.junit.platform.engine.support.hierarchical.NodeTestTask.executeRecursively(NodeTestTask.java:143)
	at org.junit.platform.engine.support.hierarchical.NodeTestTask.execute(NodeTestTask.java:100)
	at java.base/java.util.ArrayList.forEach(ArrayList.java:1596)
	at org.junit.platform.engine.support.hierarchical.SameThreadHierarchicalTestExecutorService.invokeAll(SameThreadHierarchicalTestExecutorService.java:41)
	at org.junit.platform.engine.support.hierarchical.NodeTestTask.lambda$executeRecursively$6(NodeTestTask.java:160)
	at org.junit.platform.engine.support.hierarchical.ThrowableCollector.execute(ThrowableCollector.java:73)
	at org.junit.platform.engine.support.hierarchical.NodeTestTask.lambda$executeRecursively$8(NodeTestTask.java:146)
	at org.junit.platform.engine.support.hierarchical.Node.around(Node.java:137)
	at org.junit.platform.engine.support.hierarchical.NodeTestTask.lambda$executeRecursively$9(NodeTestTask.java:144)
	at org.junit.platform.engine.support.hierarchical.ThrowableCollector.execute(ThrowableCollector.java:73)
	at org.junit.platform.engine.support.hierarchical.NodeTestTask.executeRecursively(NodeTestTask.java:143)
	at org.junit.platform.engine.support.hierarchical.NodeTestTask.execute(NodeTestTask.java:100)
	at org.junit.platform.engine.support.hierarchical.SameThreadHierarchicalTestExecutorService.submit(SameThreadHierarchicalTestExecutorService.java:35)
	at org.junit.platform.engine.support.hierarchical.HierarchicalTestExecutor.execute(HierarchicalTestExecutor.java:57)
	at org.junit.platform.engine.support.hierarchical.HierarchicalTestEngine.execute(HierarchicalTestEngine.java:54)
	at org.junit.platform.launcher.core.EngineExecutionOrchestrator.execute(EngineExecutionOrchestrator.java:198)
	at org.junit.platform.launcher.core.EngineExecutionOrchestrator.execute(EngineExecutionOrchestrator.java:169)
	at org.junit.platform.launcher.core.EngineExecutionOrchestrator.execute(EngineExecutionOrchestrator.java:93)
	at org.junit.platform.launcher.core.EngineExecutionOrchestrator.lambda$execute$0(EngineExecutionOrchestrator.java:58)
	at org.junit.platform.launcher.core.EngineExecutionOrchestrator.withInterceptedStreams(EngineExecutionOrchestrator.java:141)
	at org.junit.platform.launcher.core.EngineExecutionOrchestrator.execute(EngineExecutionOrchestrator.java:57)
	at org.junit.platform.launcher.core.DefaultLauncher.execute(DefaultLauncher.java:103)
	at org.junit.platform.launcher.core.DefaultLauncher.execute(DefaultLauncher.java:85)
	at org.junit.platform.launcher.core.DelegatingLauncher.execute(DelegatingLauncher.java:47)
	at org.junit.platform.launcher.core.SessionPerRequestLauncher.execute(SessionPerRequestLauncher.java:63)
	at com.intellij.junit5.JUnit5IdeaTestRunner.startRunnerWithArgs(JUnit5IdeaTestRunner.java:57)
	at com.intellij.rt.junit.IdeaTestRunner$Repeater$1.execute(IdeaTestRunner.java:38)
	at com.intellij.rt.execution.junit.TestsRepeater.repeat(TestsRepeater.java:11)
	at com.intellij.rt.junit.IdeaTestRunner$Repeater.startRunnerWithArgs(IdeaTestRunner.java:35)
	at com.intellij.rt.junit.JUnitStarter.prepareStreamsAndStart(JUnitStarter.java:231)
	at com.intellij.rt.junit.JUnitStarter.main(JUnitStarter.java:55)
2025-09-12 22:03:54,393 DEBUG [main] InMemoryQuestStore [ ] -
            QuestStore created editingMode=true startId=123 version=draft:empty
2025-09-12 22:03:54,395 DEBUG [main] InMemoryQuestStore [ ] -
            QuestStore created editingMode=true startId=1 version=draft:empty
2025-09-12 22:03:54,395 WARN [main] InMemoryQuestStore [ ] -
            start() called but navigator is null (empty store), startId=1
2025-09-12 22:03:54,395 WARN [main] InMemoryQuestStore [ ] -
            get(1) called but navigator is null
2025-09-12 22:03:54,395 WARN [main] InMemoryQuestStore [ ] -
            choose(1, 'go') called but navigator is null
2025-09-12 22:03:54,398 DEBUG [main] InMemorySaveStateService [ ] -
            Creating new SaveState for userId=u7
2025-09-12 22:03:54,398 DEBUG [main] InMemorySaveStateService [ ] -
            setGlobalSlot userId=u7 slot=1 questId=q nodeId=5
2025-09-12 22:03:54,399 DEBUG [main] InMemorySaveStateService [ ] -
            clearGlobalSlot userId=u7 slot=99
2025-09-12 22:03:54,399 DEBUG [main] InMemorySaveStateService [ ] -
            getGlobalSlot: found userId=u7 slot=1 questId=q nodeId=5
2025-09-12 22:03:54,400 DEBUG [main] InMemorySaveStateService [ ] -
            Creating new SaveState for userId=u6
2025-09-12 22:03:54,400 DEBUG [main] InMemorySaveStateService [ ] -
            setGlobalSlot userId=u6 slot=2 questId=q nodeId=10
2025-09-12 22:03:54,400 DEBUG [main] InMemorySaveStateService [ ] -
            getGlobalSlot: found userId=u6 slot=2 questId=q nodeId=10
2025-09-12 22:03:54,400 DEBUG [main] InMemorySaveStateService [ ] -
            clearGlobalSlot userId=u6 slot=2
2025-09-12 22:03:54,400 DEBUG [main] InMemorySaveStateService [ ] -
            getGlobalSlot: empty slot userId=u6 slot=2
2025-09-12 22:03:54,402 WARN [main] InMemorySaveStateService [ ] -
            clearGlobalSlot: no SaveState found userId=none slot=0
2025-09-12 22:03:54,403 DEBUG [main] InMemorySaveStateService [ ] -
            Creating new SaveState for userId=u4
2025-09-12 22:03:54,403 DEBUG [main] InMemorySaveStateService [ ] -
            setGlobalSlot userId=u4 slot=0 questId=null nodeId=1
2025-09-12 22:03:54,403 DEBUG [main] InMemorySaveStateService [ ] -
            getGlobalSlot: found userId=u4 slot=0 questId=main nodeId=1
2025-09-12 22:03:54,404 DEBUG [main] InMemorySaveStateService [ ] -
            Creating new SaveState for userId=u3
2025-09-12 22:03:54,404 DEBUG [main] InMemorySaveStateService [ ] -
            setGlobalSlot userId=u3 slot=0 questId=q nodeId=7
2025-09-12 22:03:54,404 DEBUG [main] InMemorySaveStateService [ ] -
            getGlobalSlot: found userId=u3 slot=0 questId=q nodeId=7
2025-09-12 22:03:54,405 DEBUG [main] InMemorySaveStateService [ ] -
            Creating new SaveState for userId=u5
2025-09-12 22:03:54,408 DEBUG [main] InMemorySaveStateService [ ] -
            Creating new SaveState for userId=u
2025-09-12 22:03:54,408 DEBUG [main] InMemorySaveStateService [ ] -
            getGlobalSlot: empty slot userId=u slot=0
2025-09-12 22:03:54,408 DEBUG [main] InMemorySaveStateService [ ] -
            Creating new SaveState for userId=u
2025-09-12 22:03:54,408 DEBUG [main] InMemorySaveStateService [ ] -
            setGlobalSlot userId=u slot=1 questId=qid nodeId=42
2025-09-12 22:03:54,408 DEBUG [main] InMemorySaveStateService [ ] -
            getGlobalSlot: found userId=u slot=1 questId=qid nodeId=42
2025-09-12 22:03:54,409 DEBUG [main] InMemorySaveStateService [ ] -
            Creating new SaveState for userId=u2
2025-09-12 22:03:54,409 DEBUG [main] InMemorySaveStateService [ ] -
            getGlobalSlot: empty slot userId=u2 slot=999
2025-09-12 22:03:54,409 WARN [main] InMemorySaveStateService [ ] -
            getGlobalSlot: no SaveState found userId=ghost slot=0
2025-09-12 22:03:54,412 DEBUG [main] InMemorySaveStateService [ ] -
            Creating new SaveState for userId=a
2025-09-12 22:03:54,412 DEBUG [main] InMemorySaveStateService [ ] -
            Creating new SaveState for userId=b
2025-09-12 22:03:54,414 DEBUG [main] InMemorySaveStateService [ ] -
            Creating new SaveState for userId=u1
2025-09-12 22:03:54,477 DEBUG [main] UploadsServlet [ ] -
            Uploads baseDir=C:\Users\misha\AppData\Local\Temp\junit14821315651588857286
2025-09-12 22:03:54,486 WARN [main] UploadsServlet [ ] -
            Uploads 404: file not found rel='missing.bin' uri=null
2025-09-12 22:03:54,488 WARN [main] UploadsServlet [ ] -
            Uploads 404: empty pathInfo uri=null
2025-09-12 22:03:54,489 WARN [main] UploadsServlet [ ] -
            Uploads 404: empty pathInfo uri=null
2025-09-12 22:03:54,503 INFO [main] UploadsServlet [ ] -
            Uploads served rel='sub\file.data' type=application/octet-stream size=11B
2025-09-12 22:03:54,507 WARN [main] UploadsServlet [ ] -
            Uploads forbidden: path traversal attempt rel='..\secret.txt' uri=null
2025-09-12 22:03:54,509 INFO [main] UploadsServlet [ ] -
            Uploads served rel='pic.png' type=image/png size=8B
2025-09-12 22:03:54,513 WARN [main] UploadsServlet [ ] -
            Uploads 404: empty pathInfo uri=null
2025-09-12 22:03:54,544 INFO [main] AllCustomQuestsServlet [ ] -
            All custom quests page opened, items=2
2025-09-12 22:03:54,551 INFO [main] AllCustomQuestsServlet [ ] -
            All custom quests page opened, items=0
2025-09-12 22:03:54,556 DEBUG [main] AllCustomQuestsServlet [ ] -
            AllCustomQuestsServlet initialized with QuestAuthoringService
2025-09-12 22:03:54,561 ERROR [main] AllCustomQuestsServlet [ ] -
            Initialization failed: QuestAuthoringService not found
java.lang.IllegalStateException: no bean
	at com.javarush.apalinskiy.web.util.Web.ctxBean(Web.java:200)
	at com.javarush.apalinskiy.web.servlet.AllCustomQuestsServlet.init(AllCustomQuestsServlet.java:30)
	at com.javarush.apalinskiy.web.servlet.AllCustomQuestsServletTest$Init.lambda$init_missing_service$3(AllCustomQuestsServletTest.java:89)
	at org.junit.jupiter.api.AssertThrows.assertThrows(AssertThrows.java:53)
	at org.junit.jupiter.api.AssertThrows.assertThrows(AssertThrows.java:35)
	at org.junit.jupiter.api.Assertions.assertThrows(Assertions.java:3115)
	at com.javarush.apalinskiy.web.servlet.AllCustomQuestsServletTest$Init.init_missing_service(AllCustomQuestsServletTest.java:89)
	at java.base/jdk.internal.reflect.DirectMethodHandleAccessor.invoke(DirectMethodHandleAccessor.java:103)
	at java.base/java.lang.reflect.Method.invoke(Method.java:580)
	at org.junit.platform.commons.util.ReflectionUtils.invokeMethod(ReflectionUtils.java:728)
	at org.junit.jupiter.engine.execution.MethodInvocation.proceed(MethodInvocation.java:60)
	at org.junit.jupiter.engine.execution.InvocationInterceptorChain$ValidatingInvocation.proceed(InvocationInterceptorChain.java:131)
	at org.junit.jupiter.engine.extension.TimeoutExtension.intercept(TimeoutExtension.java:156)
	at org.junit.jupiter.engine.extension.TimeoutExtension.interceptTestableMethod(TimeoutExtension.java:147)
	at org.junit.jupiter.engine.extension.TimeoutExtension.interceptTestMethod(TimeoutExtension.java:86)
	at org.junit.jupiter.engine.execution.InterceptingExecutableInvoker$ReflectiveInterceptorCall.lambda$ofVoidMethod$0(InterceptingExecutableInvoker.java:103)
	at org.junit.jupiter.engine.execution.InterceptingExecutableInvoker.lambda$invoke$0(InterceptingExecutableInvoker.java:93)
	at org.junit.jupiter.engine.execution.InvocationInterceptorChain$InterceptedInvocation.proceed(InvocationInterceptorChain.java:106)
	at org.junit.jupiter.engine.execution.InvocationInterceptorChain.proceed(InvocationInterceptorChain.java:64)
	at org.junit.jupiter.engine.execution.InvocationInterceptorChain.chainAndInvoke(InvocationInterceptorChain.java:45)
	at org.junit.jupiter.engine.execution.InvocationInterceptorChain.invoke(InvocationInterceptorChain.java:37)
	at org.junit.jupiter.engine.execution.InterceptingExecutableInvoker.invoke(InterceptingExecutableInvoker.java:92)
	at org.junit.jupiter.engine.execution.InterceptingExecutableInvoker.invoke(InterceptingExecutableInvoker.java:86)
	at org.junit.jupiter.engine.descriptor.TestMethodTestDescriptor.lambda$invokeTestMethod$7(TestMethodTestDescriptor.java:218)
	at org.junit.platform.engine.support.hierarchical.ThrowableCollector.execute(ThrowableCollector.java:73)
	at org.junit.jupiter.engine.descriptor.TestMethodTestDescriptor.invokeTestMethod(TestMethodTestDescriptor.java:214)
	at org.junit.jupiter.engine.descriptor.TestMethodTestDescriptor.execute(TestMethodTestDescriptor.java:139)
	at org.junit.jupiter.engine.descriptor.TestMethodTestDescriptor.execute(TestMethodTestDescriptor.java:69)
	at org.junit.platform.engine.support.hierarchical.NodeTestTask.lambda$executeRecursively$6(NodeTestTask.java:156)
	at org.junit.platform.engine.support.hierarchical.ThrowableCollector.execute(ThrowableCollector.java:73)
	at org.junit.platform.engine.support.hierarchical.NodeTestTask.lambda$executeRecursively$8(NodeTestTask.java:146)
	at org.junit.platform.engine.support.hierarchical.Node.around(Node.java:137)
	at org.junit.platform.engine.support.hierarchical.NodeTestTask.lambda$executeRecursively$9(NodeTestTask.java:144)
	at org.junit.platform.engine.support.hierarchical.ThrowableCollector.execute(ThrowableCollector.java:73)
	at org.junit.platform.engine.support.hierarchical.NodeTestTask.executeRecursively(NodeTestTask.java:143)
	at org.junit.platform.engine.support.hierarchical.NodeTestTask.execute(NodeTestTask.java:100)
	at java.base/java.util.ArrayList.forEach(ArrayList.java:1596)
	at org.junit.platform.engine.support.hierarchical.SameThreadHierarchicalTestExecutorService.invokeAll(SameThreadHierarchicalTestExecutorService.java:41)
	at org.junit.platform.engine.support.hierarchical.NodeTestTask.lambda$executeRecursively$6(NodeTestTask.java:160)
	at org.junit.platform.engine.support.hierarchical.ThrowableCollector.execute(ThrowableCollector.java:73)
	at org.junit.platform.engine.support.hierarchical.NodeTestTask.lambda$executeRecursively$8(NodeTestTask.java:146)
	at org.junit.platform.engine.support.hierarchical.Node.around(Node.java:137)
	at org.junit.platform.engine.support.hierarchical.NodeTestTask.lambda$executeRecursively$9(NodeTestTask.java:144)
	at org.junit.platform.engine.support.hierarchical.ThrowableCollector.execute(ThrowableCollector.java:73)
	at org.junit.platform.engine.support.hierarchical.NodeTestTask.executeRecursively(NodeTestTask.java:143)
	at org.junit.platform.engine.support.hierarchical.NodeTestTask.execute(NodeTestTask.java:100)
	at java.base/java.util.ArrayList.forEach(ArrayList.java:1596)
	at org.junit.platform.engine.support.hierarchical.SameThreadHierarchicalTestExecutorService.invokeAll(SameThreadHierarchicalTestExecutorService.java:41)
	at org.junit.platform.engine.support.hierarchical.NodeTestTask.lambda$executeRecursively$6(NodeTestTask.java:160)
	at org.junit.platform.engine.support.hierarchical.ThrowableCollector.execute(ThrowableCollector.java:73)
	at org.junit.platform.engine.support.hierarchical.NodeTestTask.lambda$executeRecursively$8(NodeTestTask.java:146)
	at org.junit.platform.engine.support.hierarchical.Node.around(Node.java:137)
	at org.junit.platform.engine.support.hierarchical.NodeTestTask.lambda$executeRecursively$9(NodeTestTask.java:144)
	at org.junit.platform.engine.support.hierarchical.ThrowableCollector.execute(ThrowableCollector.java:73)
	at org.junit.platform.engine.support.hierarchical.NodeTestTask.executeRecursively(NodeTestTask.java:143)
	at org.junit.platform.engine.support.hierarchical.NodeTestTask.execute(NodeTestTask.java:100)
	at java.base/java.util.ArrayList.forEach(ArrayList.java:1596)
	at org.junit.platform.engine.support.hierarchical.SameThreadHierarchicalTestExecutorService.invokeAll(SameThreadHierarchicalTestExecutorService.java:41)
	at org.junit.platform.engine.support.hierarchical.NodeTestTask.lambda$executeRecursively$6(NodeTestTask.java:160)
	at org.junit.platform.engine.support.hierarchical.ThrowableCollector.execute(ThrowableCollector.java:73)
	at org.junit.platform.engine.support.hierarchical.NodeTestTask.lambda$executeRecursively$8(NodeTestTask.java:146)
	at org.junit.platform.engine.support.hierarchical.Node.around(Node.java:137)
	at org.junit.platform.engine.support.hierarchical.NodeTestTask.lambda$executeRecursively$9(NodeTestTask.java:144)
	at org.junit.platform.engine.support.hierarchical.ThrowableCollector.execute(ThrowableCollector.java:73)
	at org.junit.platform.engine.support.hierarchical.NodeTestTask.executeRecursively(NodeTestTask.java:143)
	at org.junit.platform.engine.support.hierarchical.NodeTestTask.execute(NodeTestTask.java:100)
	at org.junit.platform.engine.support.hierarchical.SameThreadHierarchicalTestExecutorService.submit(SameThreadHierarchicalTestExecutorService.java:35)
	at org.junit.platform.engine.support.hierarchical.HierarchicalTestExecutor.execute(HierarchicalTestExecutor.java:57)
	at org.junit.platform.engine.support.hierarchical.HierarchicalTestEngine.execute(HierarchicalTestEngine.java:54)
	at org.junit.platform.launcher.core.EngineExecutionOrchestrator.execute(EngineExecutionOrchestrator.java:198)
	at org.junit.platform.launcher.core.EngineExecutionOrchestrator.execute(EngineExecutionOrchestrator.java:169)
	at org.junit.platform.launcher.core.EngineExecutionOrchestrator.execute(EngineExecutionOrchestrator.java:93)
	at org.junit.platform.launcher.core.EngineExecutionOrchestrator.lambda$execute$0(EngineExecutionOrchestrator.java:58)
	at org.junit.platform.launcher.core.EngineExecutionOrchestrator.withInterceptedStreams(EngineExecutionOrchestrator.java:141)
	at org.junit.platform.launcher.core.EngineExecutionOrchestrator.execute(EngineExecutionOrchestrator.java:57)
	at org.junit.platform.launcher.core.DefaultLauncher.execute(DefaultLauncher.java:103)
	at org.junit.platform.launcher.core.DefaultLauncher.execute(DefaultLauncher.java:85)
	at org.junit.platform.launcher.core.DelegatingLauncher.execute(DelegatingLauncher.java:47)
	at org.junit.platform.launcher.core.SessionPerRequestLauncher.execute(SessionPerRequestLauncher.java:63)
	at com.intellij.junit5.JUnit5IdeaTestRunner.startRunnerWithArgs(JUnit5IdeaTestRunner.java:57)
	at com.intellij.rt.junit.IdeaTestRunner$Repeater$1.execute(IdeaTestRunner.java:38)
	at com.intellij.rt.execution.junit.TestsRepeater.repeat(TestsRepeater.java:11)
	at com.intellij.rt.junit.IdeaTestRunner$Repeater.startRunnerWithArgs(IdeaTestRunner.java:35)
	at com.intellij.rt.junit.JUnitStarter.prepareStreamsAndStart(JUnitStarter.java:231)
	at com.intellij.rt.junit.JUnitStarter.main(JUnitStarter.java:55)
2025-09-12 22:03:54,578 INFO [main] DefaultNotificationService [ ] -
            Notify.event type=USER_ADMIN_CHANGED targetUserId=u actorUserId=adm
2025-09-12 22:03:54,580 WARN [main] DefaultNotificationService [ ] -
            Notify.event actor not found actorUserId=adm
2025-09-12 22:03:54,580 INFO [main] DefaultNotificationService [ ] -
            Notify.add type=USER_ADMIN_CHANGED targetUserId=u title='The admin changed the profile'
2025-09-12 22:03:54,582 INFO [main] DefaultNotificationService [ ] -
            Notify.event type=FRIEND_PUBLISHED_QUEST targetUserId=t4 actorUserId=a
2025-09-12 22:03:54,582 INFO [main] DefaultNotificationService [ ] -
            Notify.add type=FRIEND_PUBLISHED_QUEST targetUserId=t4 title='A friend posted a quest'
2025-09-12 22:03:54,584 INFO [main] DefaultNotificationService [ ] -
            Notify.event type=FRIEND_REQUEST targetUserId=t1 actorUserId=a1
2025-09-12 22:03:54,584 INFO [main] DefaultNotificationService [ ] -
            Notify.add type=FRIEND_REQUEST targetUserId=t1 title='New friend request'
2025-09-12 22:03:54,585 INFO [main] DefaultNotificationService [ ] -
            Notify.event type=QUEST_MODERATED targetUserId=owner actorUserId=admin
2025-09-12 22:03:54,585 INFO [main] DefaultNotificationService [ ] -
            Notify.add type=QUEST_MODERATED targetUserId=owner title='Moderation of the quest'
2025-09-12 22:03:54,586 INFO [main] DefaultNotificationService [ ] -
            Notify.event type=FRIEND_ACCEPTED targetUserId=t2 actorUserId=missing
2025-09-12 22:03:54,587 WARN [main] DefaultNotificationService [ ] -
            Notify.event actor not found actorUserId=missing
2025-09-12 22:03:54,587 INFO [main] DefaultNotificationService [ ] -
            Notify.add type=FRIEND_ACCEPTED targetUserId=t2 title='The application has been accepted'
2025-09-12 22:03:54,588 INFO [main] DefaultNotificationService [ ] -
            Notify.event type=FRIEND_PUBLISHED_QUEST targetUserId=t5 actorUserId=a
2025-09-12 22:03:54,588 INFO [main] DefaultNotificationService [ ] -
            Notify.add type=FRIEND_PUBLISHED_QUEST targetUserId=t5 title='A friend posted a quest'
2025-09-12 22:03:54,589 INFO [main] DefaultNotificationService [ ] -
            Notify.event type=FRIEND_REMOVED targetUserId=t3 actorUserId=null
2025-09-12 22:03:54,589 INFO [main] DefaultNotificationService [ ] -
            Notify.add type=FRIEND_REMOVED targetUserId=t3 title='Friend removed'
2025-09-12 22:03:54,591 INFO [main] DefaultNotificationService [ ] -
            Notify.event type=QUEST_ADMIN_CHANGED targetUserId=owner actorUserId=adm
2025-09-12 22:03:54,591 INFO [main] DefaultNotificationService [ ] -
            Notify.add type=QUEST_ADMIN_CHANGED targetUserId=owner title='The admin changed your quest.'
2025-09-12 22:03:54,592 INFO [main] DefaultNotificationService [ ] -
            Notify.add type=FRIEND_REQUEST targetUserId=u1 title='t'
2025-09-12 22:03:54,645 DEBUG [main] DefaultFriendService [ ] -
            outgoing requests userId=u size=2
2025-09-12 22:03:54,646 DEBUG [main] DefaultFriendService [ ] -
            incoming requests userId=u size=1
2025-09-12 22:03:54,649 DEBUG [main] DefaultFriendService [ ] -
            listFriends userId=u size=1
2025-09-12 22:03:54,652 WARN [main] DefaultFriendService [ ] -
            remove denied: not friends user=u friend=f
2025-09-12 22:03:54,654 INFO [main] DefaultFriendService [ ] -
            Friendship removed between=u and=f
2025-09-12 22:03:54,657 WARN [main] DefaultFriendService [ ] -
            cancel denied: no pending request from=from to=to
2025-09-12 22:03:54,658 INFO [main] DefaultFriendService [ ] -
            Friend request canceled from=from to=to
2025-09-12 22:03:54,661 WARN [main] DefaultFriendService [ ] -
            decline denied: no pending request from=from to=to
2025-09-12 22:03:54,664 INFO [main] DefaultFriendService [ ] -
            Friend request declined from=from to=to
2025-09-12 22:03:54,667 INFO [main] DefaultFriendService [ ] -
            Friend request accepted from=from to=to
2025-09-12 22:03:54,671 WARN [main] DefaultFriendService [ ] -
            accept denied: no pending request from=from to=to
2025-09-12 22:03:54,674 INFO [main] DefaultFriendService [ ] -
            Friend request sent from=from to=to
2025-09-12 22:03:54,676 INFO [main] DefaultFriendService [ ] -
            Friendship auto-accepted between=from and=to
2025-09-12 22:03:54,678 WARN [main] DefaultFriendService [ ] -
            sendRequest denied: user tried to add self userId=u
2025-09-12 22:03:54,679 WARN [main] DefaultFriendService [ ] -
            sendRequest denied: target user not found from=from to=to
2025-09-12 22:03:54,681 WARN [main] DefaultFriendService [ ] -
            sendRequest denied: already pending from=from to=to
2025-09-12 22:03:54,682 WARN [main] DefaultFriendService [ ] -
            sendRequest denied: already friends from=a to=b
2025-09-12 22:03:54,689 INFO [main] AppBootstrap [ ] -
            App context is being destroyed
2025-09-12 22:03:54,770 INFO [main] AppBootstrap [ ] -
            App context initialization started
2025-09-12 22:03:54,770 DEBUG [main] InMemoryUserRepository [ ] -
            save ok id=1eba3156-5e18-4788-bcce-e1c24068d678 login='admin'
2025-09-12 22:03:54,770 INFO [main] DefaultUserService [ ] -
            User registered id=1eba3156-5e18-4788-bcce-e1c24068d678 login='admin' role=ADMIN
2025-09-12 22:03:54,770 INFO [main] AppBootstrap [ ] -
            Default admin created login=admin
2025-09-12 22:03:54,770 DEBUG [main] AppBootstrap [ ] -
            UserService registered in servlet context key=userService
2025-09-12 22:03:54,774 INFO [main] AppBootstrap [ ] -
            Quest resource loaded resource=quest.json startId=1
2025-09-12 22:03:54,775 DEBUG [main] AppBootstrap [ ] -
            ProdQuestRepo and QuestService registered keys=[prodQuestRepository, questService]
2025-09-12 22:03:54,775 DEBUG [main] AppBootstrap [ ] -
            EditorRepo and AuthoringService registered keys=[editorQuestRepository, authoringService]
2025-09-12 22:03:54,775 DEBUG [main] AppBootstrap [ ] -
            SaveState/Notify registered keys=[saveStateService, notifyRepo, notifyService]
2025-09-12 22:03:54,775 DEBUG [main] AppBootstrap [ ] -
            Friends/UserStats registered keys=[friendRepository, userStatsService]
2025-09-12 22:03:54,776 INFO [main] AppBootstrap [ ] -
            Uploads base directory resolved
2025-09-12 22:03:54,776 INFO [main] AppBootstrap [ ] -
            App context initialization finished successfully
2025-09-12 22:03:54,779 INFO [main] AppBootstrap [ ] -
            App context initialization started
2025-09-12 22:03:54,780 DEBUG [main] InMemoryUserRepository [ ] -
            save ok id=a6d38377-8e8a-42ba-9a29-a016de713fa7 login='admin'
2025-09-12 22:03:54,780 INFO [main] DefaultUserService [ ] -
            User registered id=a6d38377-8e8a-42ba-9a29-a016de713fa7 login='admin' role=ADMIN
2025-09-12 22:03:54,780 INFO [main] AppBootstrap [ ] -
            Default admin created login=admin
2025-09-12 22:03:54,780 DEBUG [main] AppBootstrap [ ] -
            UserService registered in servlet context key=userService
2025-09-12 22:03:54,780 INFO [main] AppBootstrap [ ] -
            Quest resource loaded resource=quest.json startId=1
2025-09-12 22:03:54,780 DEBUG [main] AppBootstrap [ ] -
            ProdQuestRepo and QuestService registered keys=[prodQuestRepository, questService]
2025-09-12 22:03:54,780 DEBUG [main] AppBootstrap [ ] -
            EditorRepo and AuthoringService registered keys=[editorQuestRepository, authoringService]
2025-09-12 22:03:54,780 DEBUG [main] AppBootstrap [ ] -
            SaveState/Notify registered keys=[saveStateService, notifyRepo, notifyService]
2025-09-12 22:03:54,781 DEBUG [main] AppBootstrap [ ] -
            Friends/UserStats registered keys=[friendRepository, userStatsService]
2025-09-12 22:03:54,781 INFO [main] AppBootstrap [ ] -
            Uploads base directory resolved
2025-09-12 22:03:54,781 INFO [main] AppBootstrap [ ] -
            App context initialization finished successfully
2025-09-12 22:03:54,785 INFO [main] AppBootstrap [ ] -
            App context initialization started
2025-09-12 22:03:54,785 DEBUG [main] InMemoryUserRepository [ ] -
            save ok id=23fec486-5d7f-4380-8eb9-00765279efc4 login='admin'
2025-09-12 22:03:54,785 INFO [main] DefaultUserService [ ] -
            User registered id=23fec486-5d7f-4380-8eb9-00765279efc4 login='admin' role=ADMIN
2025-09-12 22:03:54,785 INFO [main] AppBootstrap [ ] -
            Default admin created login=admin
2025-09-12 22:03:54,785 DEBUG [main] AppBootstrap [ ] -
            UserService registered in servlet context key=userService
2025-09-12 22:03:54,786 INFO [main] AppBootstrap [ ] -
            Quest resource loaded resource=quest.json startId=1
2025-09-12 22:03:54,786 DEBUG [main] AppBootstrap [ ] -
            ProdQuestRepo and QuestService registered keys=[prodQuestRepository, questService]
2025-09-12 22:03:54,786 DEBUG [main] AppBootstrap [ ] -
            EditorRepo and AuthoringService registered keys=[editorQuestRepository, authoringService]
2025-09-12 22:03:54,786 DEBUG [main] AppBootstrap [ ] -
            SaveState/Notify registered keys=[saveStateService, notifyRepo, notifyService]
2025-09-12 22:03:54,786 DEBUG [main] AppBootstrap [ ] -
            Friends/UserStats registered keys=[friendRepository, userStatsService]
2025-09-12 22:03:54,786 INFO [main] AppBootstrap [ ] -
            Uploads base directory resolved
2025-09-12 22:03:54,786 INFO [main] AppBootstrap [ ] -
            App context initialization finished successfully
2025-09-12 22:03:54,789 INFO [main] AppBootstrap [ ] -
            App context initialization started
2025-09-12 22:03:54,789 DEBUG [main] InMemoryUserRepository [ ] -
            save ok id=66d0574c-276b-444e-94e4-b5b10b3981b9 login='admin'
2025-09-12 22:03:54,789 INFO [main] DefaultUserService [ ] -
            User registered id=66d0574c-276b-444e-94e4-b5b10b3981b9 login='admin' role=ADMIN
2025-09-12 22:03:54,790 INFO [main] AppBootstrap [ ] -
            Default admin created login=admin
2025-09-12 22:03:54,790 DEBUG [main] AppBootstrap [ ] -
            UserService registered in servlet context key=userService
2025-09-12 22:03:54,790 INFO [main] AppBootstrap [ ] -
            Quest resource loaded resource=quest.json startId=1
2025-09-12 22:03:54,790 DEBUG [main] AppBootstrap [ ] -
            ProdQuestRepo and QuestService registered keys=[prodQuestRepository, questService]
2025-09-12 22:03:54,790 DEBUG [main] AppBootstrap [ ] -
            EditorRepo and AuthoringService registered keys=[editorQuestRepository, authoringService]
2025-09-12 22:03:54,790 DEBUG [main] AppBootstrap [ ] -
            SaveState/Notify registered keys=[saveStateService, notifyRepo, notifyService]
2025-09-12 22:03:54,790 DEBUG [main] AppBootstrap [ ] -
            Friends/UserStats registered keys=[friendRepository, userStatsService]
2025-09-12 22:03:54,791 INFO [main] AppBootstrap [ ] -
            Uploads base directory resolved
2025-09-12 22:03:54,791 INFO [main] AppBootstrap [ ] -
            App context initialization finished successfully
2025-09-12 22:03:54,793 INFO [main] AppBootstrap [ ] -
            App context initialization started
2025-09-12 22:03:54,794 DEBUG [main] InMemoryUserRepository [ ] -
            save ok id=09abbffd-e4fe-44da-8df2-dfc57f14e238 login='admin'
2025-09-12 22:03:54,794 INFO [main] DefaultUserService [ ] -
            User registered id=09abbffd-e4fe-44da-8df2-dfc57f14e238 login='admin' role=ADMIN
2025-09-12 22:03:54,794 INFO [main] AppBootstrap [ ] -
            Default admin created login=admin
2025-09-12 22:03:54,794 DEBUG [main] AppBootstrap [ ] -
            UserService registered in servlet context key=userService
2025-09-12 22:03:54,794 ERROR [main] AppBootstrap [ ] -
            Failed to load quest resource resource=quest.json
java.io.IOException: nofile
	at com.javarush.apalinskiy.repository.inmemory.quest.InMemoryQuestStore.fromClasspath(InMemoryQuestStore.java:50)
	at com.javarush.apalinskiy.app.AppBootstrap.contextInitialized(AppBootstrap.java:66)
	at com.javarush.apalinskiy.app.AppBootstrapTest$ContextInitialized.lambda$wrapsIOException$18(AppBootstrapTest.java:204)
	at org.junit.jupiter.api.AssertThrows.assertThrows(AssertThrows.java:53)
	at org.junit.jupiter.api.AssertThrows.assertThrows(AssertThrows.java:35)
	at org.junit.jupiter.api.Assertions.assertThrows(Assertions.java:3115)
	at com.javarush.apalinskiy.app.AppBootstrapTest$ContextInitialized.wrapsIOException(AppBootstrapTest.java:204)
	at java.base/jdk.internal.reflect.DirectMethodHandleAccessor.invoke(DirectMethodHandleAccessor.java:103)
	at java.base/java.lang.reflect.Method.invoke(Method.java:580)
	at org.junit.platform.commons.util.ReflectionUtils.invokeMethod(ReflectionUtils.java:728)
	at org.junit.jupiter.engine.execution.MethodInvocation.proceed(MethodInvocation.java:60)
	at org.junit.jupiter.engine.execution.InvocationInterceptorChain$ValidatingInvocation.proceed(InvocationInterceptorChain.java:131)
	at org.junit.jupiter.engine.extension.TimeoutExtension.intercept(TimeoutExtension.java:156)
	at org.junit.jupiter.engine.extension.TimeoutExtension.interceptTestableMethod(TimeoutExtension.java:147)
	at org.junit.jupiter.engine.extension.TimeoutExtension.interceptTestMethod(TimeoutExtension.java:86)
	at org.junit.jupiter.engine.execution.InterceptingExecutableInvoker$ReflectiveInterceptorCall.lambda$ofVoidMethod$0(InterceptingExecutableInvoker.java:103)
	at org.junit.jupiter.engine.execution.InterceptingExecutableInvoker.lambda$invoke$0(InterceptingExecutableInvoker.java:93)
	at org.junit.jupiter.engine.execution.InvocationInterceptorChain$InterceptedInvocation.proceed(InvocationInterceptorChain.java:106)
	at org.junit.jupiter.engine.execution.InvocationInterceptorChain.proceed(InvocationInterceptorChain.java:64)
	at org.junit.jupiter.engine.execution.InvocationInterceptorChain.chainAndInvoke(InvocationInterceptorChain.java:45)
	at org.junit.jupiter.engine.execution.InvocationInterceptorChain.invoke(InvocationInterceptorChain.java:37)
	at org.junit.jupiter.engine.execution.InterceptingExecutableInvoker.invoke(InterceptingExecutableInvoker.java:92)
	at org.junit.jupiter.engine.execution.InterceptingExecutableInvoker.invoke(InterceptingExecutableInvoker.java:86)
	at org.junit.jupiter.engine.descriptor.TestMethodTestDescriptor.lambda$invokeTestMethod$7(TestMethodTestDescriptor.java:218)
	at org.junit.platform.engine.support.hierarchical.ThrowableCollector.execute(ThrowableCollector.java:73)
	at org.junit.jupiter.engine.descriptor.TestMethodTestDescriptor.invokeTestMethod(TestMethodTestDescriptor.java:214)
	at org.junit.jupiter.engine.descriptor.TestMethodTestDescriptor.execute(TestMethodTestDescriptor.java:139)
	at org.junit.jupiter.engine.descriptor.TestMethodTestDescriptor.execute(TestMethodTestDescriptor.java:69)
	at org.junit.platform.engine.support.hierarchical.NodeTestTask.lambda$executeRecursively$6(NodeTestTask.java:156)
	at org.junit.platform.engine.support.hierarchical.ThrowableCollector.execute(ThrowableCollector.java:73)
	at org.junit.platform.engine.support.hierarchical.NodeTestTask.lambda$executeRecursively$8(NodeTestTask.java:146)
	at org.junit.platform.engine.support.hierarchical.Node.around(Node.java:137)
	at org.junit.platform.engine.support.hierarchical.NodeTestTask.lambda$executeRecursively$9(NodeTestTask.java:144)
	at org.junit.platform.engine.support.hierarchical.ThrowableCollector.execute(ThrowableCollector.java:73)
	at org.junit.platform.engine.support.hierarchical.NodeTestTask.executeRecursively(NodeTestTask.java:143)
	at org.junit.platform.engine.support.hierarchical.NodeTestTask.execute(NodeTestTask.java:100)
	at java.base/java.util.ArrayList.forEach(ArrayList.java:1596)
	at org.junit.platform.engine.support.hierarchical.SameThreadHierarchicalTestExecutorService.invokeAll(SameThreadHierarchicalTestExecutorService.java:41)
	at org.junit.platform.engine.support.hierarchical.NodeTestTask.lambda$executeRecursively$6(NodeTestTask.java:160)
	at org.junit.platform.engine.support.hierarchical.ThrowableCollector.execute(ThrowableCollector.java:73)
	at org.junit.platform.engine.support.hierarchical.NodeTestTask.lambda$executeRecursively$8(NodeTestTask.java:146)
	at org.junit.platform.engine.support.hierarchical.Node.around(Node.java:137)
	at org.junit.platform.engine.support.hierarchical.NodeTestTask.lambda$executeRecursively$9(NodeTestTask.java:144)
	at org.junit.platform.engine.support.hierarchical.ThrowableCollector.execute(ThrowableCollector.java:73)
	at org.junit.platform.engine.support.hierarchical.NodeTestTask.executeRecursively(NodeTestTask.java:143)
	at org.junit.platform.engine.support.hierarchical.NodeTestTask.execute(NodeTestTask.java:100)
	at java.base/java.util.ArrayList.forEach(ArrayList.java:1596)
	at org.junit.platform.engine.support.hierarchical.SameThreadHierarchicalTestExecutorService.invokeAll(SameThreadHierarchicalTestExecutorService.java:41)
	at org.junit.platform.engine.support.hierarchical.NodeTestTask.lambda$executeRecursively$6(NodeTestTask.java:160)
	at org.junit.platform.engine.support.hierarchical.ThrowableCollector.execute(ThrowableCollector.java:73)
	at org.junit.platform.engine.support.hierarchical.NodeTestTask.lambda$executeRecursively$8(NodeTestTask.java:146)
	at org.junit.platform.engine.support.hierarchical.Node.around(Node.java:137)
	at org.junit.platform.engine.support.hierarchical.NodeTestTask.lambda$executeRecursively$9(NodeTestTask.java:144)
	at org.junit.platform.engine.support.hierarchical.ThrowableCollector.execute(ThrowableCollector.java:73)
	at org.junit.platform.engine.support.hierarchical.NodeTestTask.executeRecursively(NodeTestTask.java:143)
	at org.junit.platform.engine.support.hierarchical.NodeTestTask.execute(NodeTestTask.java:100)
	at java.base/java.util.ArrayList.forEach(ArrayList.java:1596)
	at org.junit.platform.engine.support.hierarchical.SameThreadHierarchicalTestExecutorService.invokeAll(SameThreadHierarchicalTestExecutorService.java:41)
	at org.junit.platform.engine.support.hierarchical.NodeTestTask.lambda$executeRecursively$6(NodeTestTask.java:160)
	at org.junit.platform.engine.support.hierarchical.ThrowableCollector.execute(ThrowableCollector.java:73)
	at org.junit.platform.engine.support.hierarchical.NodeTestTask.lambda$executeRecursively$8(NodeTestTask.java:146)
	at org.junit.platform.engine.support.hierarchical.Node.around(Node.java:137)
	at org.junit.platform.engine.support.hierarchical.NodeTestTask.lambda$executeRecursively$9(NodeTestTask.java:144)
	at org.junit.platform.engine.support.hierarchical.ThrowableCollector.execute(ThrowableCollector.java:73)
	at org.junit.platform.engine.support.hierarchical.NodeTestTask.executeRecursively(NodeTestTask.java:143)
	at org.junit.platform.engine.support.hierarchical.NodeTestTask.execute(NodeTestTask.java:100)
	at org.junit.platform.engine.support.hierarchical.SameThreadHierarchicalTestExecutorService.submit(SameThreadHierarchicalTestExecutorService.java:35)
	at org.junit.platform.engine.support.hierarchical.HierarchicalTestExecutor.execute(HierarchicalTestExecutor.java:57)
	at org.junit.platform.engine.support.hierarchical.HierarchicalTestEngine.execute(HierarchicalTestEngine.java:54)
	at org.junit.platform.launcher.core.EngineExecutionOrchestrator.execute(EngineExecutionOrchestrator.java:198)
	at org.junit.platform.launcher.core.EngineExecutionOrchestrator.execute(EngineExecutionOrchestrator.java:169)
	at org.junit.platform.launcher.core.EngineExecutionOrchestrator.execute(EngineExecutionOrchestrator.java:93)
	at org.junit.platform.launcher.core.EngineExecutionOrchestrator.lambda$execute$0(EngineExecutionOrchestrator.java:58)
	at org.junit.platform.launcher.core.EngineExecutionOrchestrator.withInterceptedStreams(EngineExecutionOrchestrator.java:141)
	at org.junit.platform.launcher.core.EngineExecutionOrchestrator.execute(EngineExecutionOrchestrator.java:57)
	at org.junit.platform.launcher.core.DefaultLauncher.execute(DefaultLauncher.java:103)
	at org.junit.platform.launcher.core.DefaultLauncher.execute(DefaultLauncher.java:85)
	at org.junit.platform.launcher.core.DelegatingLauncher.execute(DelegatingLauncher.java:47)
	at org.junit.platform.launcher.core.SessionPerRequestLauncher.execute(SessionPerRequestLauncher.java:63)
	at com.intellij.junit5.JUnit5IdeaTestRunner.startRunnerWithArgs(JUnit5IdeaTestRunner.java:57)
	at com.intellij.rt.junit.IdeaTestRunner$Repeater$1.execute(IdeaTestRunner.java:38)
	at com.intellij.rt.execution.junit.TestsRepeater.repeat(TestsRepeater.java:11)
	at com.intellij.rt.junit.IdeaTestRunner$Repeater.startRunnerWithArgs(IdeaTestRunner.java:35)
	at com.intellij.rt.junit.JUnitStarter.prepareStreamsAndStart(JUnitStarter.java:231)
	at com.intellij.rt.junit.JUnitStarter.main(JUnitStarter.java:55)
2025-09-12 22:03:54,853 INFO [main] AppBootstrap [ ] -
            App context initialization started
2025-09-12 22:03:54,855 WARN [main] AppBootstrap [ ] -
            Default admin already exists login=admin
2025-09-12 22:03:54,855 DEBUG [main] AppBootstrap [ ] -
            UserService registered in servlet context key=userService
2025-09-12 22:03:54,855 INFO [main] AppBootstrap [ ] -
            Quest resource loaded resource=quest.json startId=1
2025-09-12 22:03:54,856 DEBUG [main] AppBootstrap [ ] -
            ProdQuestRepo and QuestService registered keys=[prodQuestRepository, questService]
2025-09-12 22:03:54,856 DEBUG [main] AppBootstrap [ ] -
            EditorRepo and AuthoringService registered keys=[editorQuestRepository, authoringService]
2025-09-12 22:03:54,856 DEBUG [main] AppBootstrap [ ] -
            SaveState/Notify registered keys=[saveStateService, notifyRepo, notifyService]
2025-09-12 22:03:54,856 DEBUG [main] AppBootstrap [ ] -
            Friends/UserStats registered keys=[friendRepository, userStatsService]
2025-09-12 22:03:54,857 INFO [main] AppBootstrap [ ] -
            Uploads base directory resolved
2025-09-12 22:03:54,857 INFO [main] AppBootstrap [ ] -
            App context initialization finished successfully
2025-09-12 22:03:54,859 INFO [main] AppBootstrap [ ] -
            App context initialization started
2025-09-12 22:03:54,860 ERROR [main] AppBootstrap [ ] -
            Failed to register default admin login=admin
java.lang.IllegalStateException: boom
	at com.javarush.apalinskiy.service.impl.user.DefaultUserService.register(DefaultUserService.java:29)
	at com.javarush.apalinskiy.app.AppBootstrap.contextInitialized(AppBootstrap.java:46)
	at com.javarush.apalinskiy.app.AppBootstrapTest$ContextInitialized.lambda$rethrowsNonDuplicate$16(AppBootstrapTest.java:188)
	at org.junit.jupiter.api.AssertThrows.assertThrows(AssertThrows.java:53)
	at org.junit.jupiter.api.AssertThrows.assertThrows(AssertThrows.java:35)
	at org.junit.jupiter.api.Assertions.assertThrows(Assertions.java:3115)
	at com.javarush.apalinskiy.app.AppBootstrapTest$ContextInitialized.rethrowsNonDuplicate(AppBootstrapTest.java:188)
	at java.base/jdk.internal.reflect.DirectMethodHandleAccessor.invoke(DirectMethodHandleAccessor.java:103)
	at java.base/java.lang.reflect.Method.invoke(Method.java:580)
	at org.junit.platform.commons.util.ReflectionUtils.invokeMethod(ReflectionUtils.java:728)
	at org.junit.jupiter.engine.execution.MethodInvocation.proceed(MethodInvocation.java:60)
	at org.junit.jupiter.engine.execution.InvocationInterceptorChain$ValidatingInvocation.proceed(InvocationInterceptorChain.java:131)
	at org.junit.jupiter.engine.extension.TimeoutExtension.intercept(TimeoutExtension.java:156)
	at org.junit.jupiter.engine.extension.TimeoutExtension.interceptTestableMethod(TimeoutExtension.java:147)
	at org.junit.jupiter.engine.extension.TimeoutExtension.interceptTestMethod(TimeoutExtension.java:86)
	at org.junit.jupiter.engine.execution.InterceptingExecutableInvoker$ReflectiveInterceptorCall.lambda$ofVoidMethod$0(InterceptingExecutableInvoker.java:103)
	at org.junit.jupiter.engine.execution.InterceptingExecutableInvoker.lambda$invoke$0(InterceptingExecutableInvoker.java:93)
	at org.junit.jupiter.engine.execution.InvocationInterceptorChain$InterceptedInvocation.proceed(InvocationInterceptorChain.java:106)
	at org.junit.jupiter.engine.execution.InvocationInterceptorChain.proceed(InvocationInterceptorChain.java:64)
	at org.junit.jupiter.engine.execution.InvocationInterceptorChain.chainAndInvoke(InvocationInterceptorChain.java:45)
	at org.junit.jupiter.engine.execution.InvocationInterceptorChain.invoke(InvocationInterceptorChain.java:37)
	at org.junit.jupiter.engine.execution.InterceptingExecutableInvoker.invoke(InterceptingExecutableInvoker.java:92)
	at org.junit.jupiter.engine.execution.InterceptingExecutableInvoker.invoke(InterceptingExecutableInvoker.java:86)
	at org.junit.jupiter.engine.descriptor.TestMethodTestDescriptor.lambda$invokeTestMethod$7(TestMethodTestDescriptor.java:218)
	at org.junit.platform.engine.support.hierarchical.ThrowableCollector.execute(ThrowableCollector.java:73)
	at org.junit.jupiter.engine.descriptor.TestMethodTestDescriptor.invokeTestMethod(TestMethodTestDescriptor.java:214)
	at org.junit.jupiter.engine.descriptor.TestMethodTestDescriptor.execute(TestMethodTestDescriptor.java:139)
	at org.junit.jupiter.engine.descriptor.TestMethodTestDescriptor.execute(TestMethodTestDescriptor.java:69)
	at org.junit.platform.engine.support.hierarchical.NodeTestTask.lambda$executeRecursively$6(NodeTestTask.java:156)
	at org.junit.platform.engine.support.hierarchical.ThrowableCollector.execute(ThrowableCollector.java:73)
	at org.junit.platform.engine.support.hierarchical.NodeTestTask.lambda$executeRecursively$8(NodeTestTask.java:146)
	at org.junit.platform.engine.support.hierarchical.Node.around(Node.java:137)
	at org.junit.platform.engine.support.hierarchical.NodeTestTask.lambda$executeRecursively$9(NodeTestTask.java:144)
	at org.junit.platform.engine.support.hierarchical.ThrowableCollector.execute(ThrowableCollector.java:73)
	at org.junit.platform.engine.support.hierarchical.NodeTestTask.executeRecursively(NodeTestTask.java:143)
	at org.junit.platform.engine.support.hierarchical.NodeTestTask.execute(NodeTestTask.java:100)
	at java.base/java.util.ArrayList.forEach(ArrayList.java:1596)
	at org.junit.platform.engine.support.hierarchical.SameThreadHierarchicalTestExecutorService.invokeAll(SameThreadHierarchicalTestExecutorService.java:41)
	at org.junit.platform.engine.support.hierarchical.NodeTestTask.lambda$executeRecursively$6(NodeTestTask.java:160)
	at org.junit.platform.engine.support.hierarchical.ThrowableCollector.execute(ThrowableCollector.java:73)
	at org.junit.platform.engine.support.hierarchical.NodeTestTask.lambda$executeRecursively$8(NodeTestTask.java:146)
	at org.junit.platform.engine.support.hierarchical.Node.around(Node.java:137)
	at org.junit.platform.engine.support.hierarchical.NodeTestTask.lambda$executeRecursively$9(NodeTestTask.java:144)
	at org.junit.platform.engine.support.hierarchical.ThrowableCollector.execute(ThrowableCollector.java:73)
	at org.junit.platform.engine.support.hierarchical.NodeTestTask.executeRecursively(NodeTestTask.java:143)
	at org.junit.platform.engine.support.hierarchical.NodeTestTask.execute(NodeTestTask.java:100)
	at java.base/java.util.ArrayList.forEach(ArrayList.java:1596)
	at org.junit.platform.engine.support.hierarchical.SameThreadHierarchicalTestExecutorService.invokeAll(SameThreadHierarchicalTestExecutorService.java:41)
	at org.junit.platform.engine.support.hierarchical.NodeTestTask.lambda$executeRecursively$6(NodeTestTask.java:160)
	at org.junit.platform.engine.support.hierarchical.ThrowableCollector.execute(ThrowableCollector.java:73)
	at org.junit.platform.engine.support.hierarchical.NodeTestTask.lambda$executeRecursively$8(NodeTestTask.java:146)
	at org.junit.platform.engine.support.hierarchical.Node.around(Node.java:137)
	at org.junit.platform.engine.support.hierarchical.NodeTestTask.lambda$executeRecursively$9(NodeTestTask.java:144)
	at org.junit.platform.engine.support.hierarchical.ThrowableCollector.execute(ThrowableCollector.java:73)
	at org.junit.platform.engine.support.hierarchical.NodeTestTask.executeRecursively(NodeTestTask.java:143)
	at org.junit.platform.engine.support.hierarchical.NodeTestTask.execute(NodeTestTask.java:100)
	at java.base/java.util.ArrayList.forEach(ArrayList.java:1596)
	at org.junit.platform.engine.support.hierarchical.SameThreadHierarchicalTestExecutorService.invokeAll(SameThreadHierarchicalTestExecutorService.java:41)
	at org.junit.platform.engine.support.hierarchical.NodeTestTask.lambda$executeRecursively$6(NodeTestTask.java:160)
	at org.junit.platform.engine.support.hierarchical.ThrowableCollector.execute(ThrowableCollector.java:73)
	at org.junit.platform.engine.support.hierarchical.NodeTestTask.lambda$executeRecursively$8(NodeTestTask.java:146)
	at org.junit.platform.engine.support.hierarchical.Node.around(Node.java:137)
	at org.junit.platform.engine.support.hierarchical.NodeTestTask.lambda$executeRecursively$9(NodeTestTask.java:144)
	at org.junit.platform.engine.support.hierarchical.ThrowableCollector.execute(ThrowableCollector.java:73)
	at org.junit.platform.engine.support.hierarchical.NodeTestTask.executeRecursively(NodeTestTask.java:143)
	at org.junit.platform.engine.support.hierarchical.NodeTestTask.execute(NodeTestTask.java:100)
	at org.junit.platform.engine.support.hierarchical.SameThreadHierarchicalTestExecutorService.submit(SameThreadHierarchicalTestExecutorService.java:35)
	at org.junit.platform.engine.support.hierarchical.HierarchicalTestExecutor.execute(HierarchicalTestExecutor.java:57)
	at org.junit.platform.engine.support.hierarchical.HierarchicalTestEngine.execute(HierarchicalTestEngine.java:54)
	at org.junit.platform.launcher.core.EngineExecutionOrchestrator.execute(EngineExecutionOrchestrator.java:198)
	at org.junit.platform.launcher.core.EngineExecutionOrchestrator.execute(EngineExecutionOrchestrator.java:169)
	at org.junit.platform.launcher.core.EngineExecutionOrchestrator.execute(EngineExecutionOrchestrator.java:93)
	at org.junit.platform.launcher.core.EngineExecutionOrchestrator.lambda$execute$0(EngineExecutionOrchestrator.java:58)
	at org.junit.platform.launcher.core.EngineExecutionOrchestrator.withInterceptedStreams(EngineExecutionOrchestrator.java:141)
	at org.junit.platform.launcher.core.EngineExecutionOrchestrator.execute(EngineExecutionOrchestrator.java:57)
	at org.junit.platform.launcher.core.DefaultLauncher.execute(DefaultLauncher.java:103)
	at org.junit.platform.launcher.core.DefaultLauncher.execute(DefaultLauncher.java:85)
	at org.junit.platform.launcher.core.DelegatingLauncher.execute(DelegatingLauncher.java:47)
	at org.junit.platform.launcher.core.SessionPerRequestLauncher.execute(SessionPerRequestLauncher.java:63)
	at com.intellij.junit5.JUnit5IdeaTestRunner.startRunnerWithArgs(JUnit5IdeaTestRunner.java:57)
	at com.intellij.rt.junit.IdeaTestRunner$Repeater$1.execute(IdeaTestRunner.java:38)
	at com.intellij.rt.execution.junit.TestsRepeater.repeat(TestsRepeater.java:11)
	at com.intellij.rt.junit.IdeaTestRunner$Repeater.startRunnerWithArgs(IdeaTestRunner.java:35)
	at com.intellij.rt.junit.JUnitStarter.prepareStreamsAndStart(JUnitStarter.java:231)
	at com.intellij.rt.junit.JUnitStarter.main(JUnitStarter.java:55)
2025-09-12 22:03:54,863 INFO [main] AppBootstrap [ ] -
            App context initialization started
2025-09-12 22:03:54,863 DEBUG [main] InMemoryUserRepository [ ] -
            save ok id=e4fc0b7d-48f0-44b5-862a-c94c4b2ccf87 login='admin'
2025-09-12 22:03:54,863 INFO [main] DefaultUserService [ ] -
            User registered id=e4fc0b7d-48f0-44b5-862a-c94c4b2ccf87 login='admin' role=ADMIN
2025-09-12 22:03:54,863 INFO [main] AppBootstrap [ ] -
            Default admin created login=admin
2025-09-12 22:03:54,863 DEBUG [main] AppBootstrap [ ] -
            UserService registered in servlet context key=userService
2025-09-12 22:03:54,863 INFO [main] AppBootstrap [ ] -
            Quest resource loaded resource=quest.json startId=1
2025-09-12 22:03:54,863 DEBUG [main] AppBootstrap [ ] -
            ProdQuestRepo and QuestService registered keys=[prodQuestRepository, questService]
2025-09-12 22:03:54,863 DEBUG [main] AppBootstrap [ ] -
            EditorRepo and AuthoringService registered keys=[editorQuestRepository, authoringService]
2025-09-12 22:03:54,863 DEBUG [main] AppBootstrap [ ] -
            SaveState/Notify registered keys=[saveStateService, notifyRepo, notifyService]
2025-09-12 22:03:54,863 DEBUG [main] AppBootstrap [ ] -
            Friends/UserStats registered keys=[friendRepository, userStatsService]
2025-09-12 22:03:54,864 INFO [main] AppBootstrap [ ] -
            Uploads base directory resolved
2025-09-12 22:03:54,864 INFO [main] AppBootstrap [ ] -
            App context initialization finished successfully
2025-09-12 22:03:54,896 DEBUG [main] InMemoryUserRepository [ ] -
            save ok id=x login='x'
2025-09-12 22:03:54,897 DEBUG [main] InMemoryUserRepository [ ] -
            findAll size=1
2025-09-12 22:03:54,898 DEBUG [main] InMemoryUserRepository [ ] -
            save ok id=a login='charlie'
2025-09-12 22:03:54,898 DEBUG [main] InMemoryUserRepository [ ] -
            save ok id=b login='bravo'
2025-09-12 22:03:54,901 DEBUG [main] InMemoryUserRepository [ ] -
            save ok id=c login='alpha'
2025-09-12 22:03:54,901 DEBUG [main] InMemoryUserRepository [ ] -
            findAll size=3
2025-09-12 22:03:54,902 DEBUG [main] InMemoryUserRepository [ ] -
            save ok id=id1 login='old'
2025-09-12 22:03:54,903 DEBUG [main] InMemoryUserRepository [ ] -
            update login changed id=id1 from='old' to='newlogin'
2025-09-12 22:03:54,903 DEBUG [main] InMemoryUserRepository [ ] -
            update ok id=id1 login='newlogin'
2025-09-12 22:03:54,903 DEBUG [main] InMemoryUserRepository [ ] -
            findByLogin login='newlogin' found=true
2025-09-12 22:03:54,903 DEBUG [main] InMemoryUserRepository [ ] -
            findByLogin login='old' found=false
2025-09-12 22:03:54,904 DEBUG [main] InMemoryUserRepository [ ] -
            save ok id=u1 login='old'
2025-09-12 22:03:54,905 DEBUG [main] InMemoryUserRepository [ ] -
            update login changed id=u1 from='old' to='alias'
2025-09-12 22:03:54,905 DEBUG [main] InMemoryUserRepository [ ] -
            update ok id=u1 login='alias'
2025-09-12 22:03:54,905 DEBUG [main] InMemoryUserRepository [ ] -
            findByLogin login='alias' found=true
2025-09-12 22:03:54,905 DEBUG [main] InMemoryUserRepository [ ] -
            findByLogin login='old' found=false
2025-09-12 22:03:54,905 DEBUG [main] InMemoryUserRepository [ ] -
            findByLogin login='alias' found=true
2025-09-12 22:03:54,906 DEBUG [main] InMemoryUserRepository [ ] -
            save ok id=u1 login='alpha'
2025-09-12 22:03:54,906 DEBUG [main] InMemoryUserRepository [ ] -
            save ok id=u2 login='beta'
2025-09-12 22:03:54,907 WARN [main] InMemoryUserRepository [ ] -
            update denied: duplicate login newLogin='alpha' occupiedBy=u1
2025-09-12 22:03:54,907 DEBUG [main] InMemoryUserRepository [ ] -
            findByLogin login='alpha' found=true
2025-09-12 22:03:54,907 DEBUG [main] InMemoryUserRepository [ ] -
            findByLogin login='beta' found=true
2025-09-12 22:03:54,909 WARN [main] InMemoryUserRepository [ ] -
            update denied: user not found id=nope
2025-09-12 22:03:54,910 DEBUG [main] InMemoryUserRepository [ ] -
            save ok id=id1 login='login'
2025-09-12 22:03:54,910 DEBUG [main] InMemoryUserRepository [ ] -
            update ok id=id1 login='login'
2025-09-12 22:03:54,910 DEBUG [main] InMemoryUserRepository [ ] -
            findByLogin login='login' found=true
2025-09-12 22:03:54,913 DEBUG [main] InMemoryUserRepository [ ] -
            save ok id=idX login='a_login'
2025-09-12 22:03:54,915 WARN [main] InMemoryUserRepository [ ] -
            save denied: duplicate id id=idX
2025-09-12 22:03:54,916 DEBUG [main] InMemoryUserRepository [ ] -
            save ok id=id1 login='same'
2025-09-12 22:03:54,917 WARN [main] InMemoryUserRepository [ ] -
            save denied: duplicate login login='same'
2025-09-12 22:03:54,918 DEBUG [main] InMemoryUserRepository [ ] -
            save ok id=id1 login='bob'
2025-09-12 22:03:54,918 DEBUG [main] InMemoryUserRepository [ ] -
            findById id=id1 found=true
2025-09-12 22:03:54,918 DEBUG [main] InMemoryUserRepository [ ] -
            findByLogin login='bob' found=true
2025-09-12 22:03:54,921 DEBUG [main] InMemoryUserRepository [ ] -
            findByLogin login='someone' found=false
2025-09-12 22:03:54,921 DEBUG [main] InMemoryUserRepository [ ] -
            save ok id=u1 login='admin'
2025-09-12 22:03:54,922 DEBUG [main] InMemoryUserRepository [ ] -
            findByLogin login='admin' found=true
2025-09-12 22:03:54,948 WARN [main] InMemoryCustomQuestRepository [ ] -
            Approve EDIT failed: pending not found questId=nope
2025-09-12 22:03:54,952 DEBUG [main] InMemoryCustomQuestRepository [ ] -
            Staged CREATE pendingId=new-1f1c4116-4ef3-4594-b655-ce9369afe148 owner=o name='Q' nodes=1 startId=1
2025-09-12 22:03:54,953 DEBUG [main] InMemoryCustomQuestRepository [ ] -
            List pending NEW size=1
2025-09-12 22:03:54,953 DEBUG [main] InMemoryCustomQuestRepository [ ] -
            Approved CREATE pendingId=new-1f1c4116-4ef3-4594-b655-ce9369afe148 -> newId=6d939ec2-49ba-4d40-8553-66efce16c0fd owner=o name='Q'
2025-09-12 22:03:54,953 DEBUG [main] InMemoryCustomQuestRepository [ ] -
            Get quest id=6d939ec2-49ba-4d40-8553-66efce16c0fd found=true
2025-09-12 22:03:54,953 DEBUG [main] InMemoryCustomQuestRepository [ ] -
            Staged EDIT questId=6d939ec2-49ba-4d40-8553-66efce16c0fd owner=o name='Q' nodes=2 startId=5
2025-09-12 22:03:54,954 DEBUG [main] InMemoryCustomQuestRepository [ ] -
            Approved EDIT questId=6d939ec2-49ba-4d40-8553-66efce16c0fd nodes=2 startId=5
2025-09-12 22:03:54,954 DEBUG [main] InMemoryCustomQuestRepository [ ] -
            Get quest id=6d939ec2-49ba-4d40-8553-66efce16c0fd found=true
2025-09-12 22:03:54,955 DEBUG [main] InMemoryCustomQuestRepository [ ] -
            List pending EDIT size=0
2025-09-12 22:03:54,956 DEBUG [main] InMemoryCustomQuestRepository [ ] -
            Staged CREATE pendingId=new-87d7b18d-2f90-4bf3-86ed-1e1a3abbebff owner=o name='Q' nodes=1 startId=1
2025-09-12 22:03:54,956 DEBUG [main] InMemoryCustomQuestRepository [ ] -
            List pending NEW size=1
2025-09-12 22:03:54,956 DEBUG [main] InMemoryCustomQuestRepository [ ] -
            Approved CREATE pendingId=new-87d7b18d-2f90-4bf3-86ed-1e1a3abbebff -> newId=f16d185f-5b6c-4477-9aaf-fadd8da335cc owner=o name='Q'
2025-09-12 22:03:54,956 DEBUG [main] InMemoryCustomQuestRepository [ ] -
            Staged EDIT questId=f16d185f-5b6c-4477-9aaf-fadd8da335cc owner=o name='Q' nodes=1 startId=2
2025-09-12 22:03:54,956 DEBUG [main] InMemoryCustomQuestRepository [ ] -
            Rejected EDIT questId=f16d185f-5b6c-4477-9aaf-fadd8da335cc
2025-09-12 22:03:54,956 DEBUG [main] InMemoryCustomQuestRepository [ ] -
            List pending EDIT size=0
2025-09-12 22:03:54,956 DEBUG [main] InMemoryCustomQuestRepository [ ] -
            Staged CREATE pendingId=new-298c9a97-832a-4268-93a4-320d191778c8 owner=o name='Q' nodes=1 startId=1
2025-09-12 22:03:54,957 DEBUG [main] InMemoryCustomQuestRepository [ ] -
            List pending NEW size=1
2025-09-12 22:03:54,957 DEBUG [main] InMemoryCustomQuestRepository [ ] -
            Approved CREATE pendingId=new-298c9a97-832a-4268-93a4-320d191778c8 -> newId=3b30b0a6-534c-49bf-8c52-855be7f027c6 owner=o name='Q'
2025-09-12 22:03:54,957 DEBUG [main] InMemoryCustomQuestRepository [ ] -
            Staged EDIT questId=3b30b0a6-534c-49bf-8c52-855be7f027c6 owner=o name='Q' nodes=1 startId=2
2025-09-12 22:03:54,957 DEBUG [main] InMemoryCustomQuestRepository [ ] -
            List pending EDIT size=1
2025-09-12 22:03:54,961 DEBUG [main] InMemoryCustomQuestRepository [ ] -
            Staged EDIT questId=3b30b0a6-534c-49bf-8c52-855be7f027c6 owner=o name='Q' nodes=1 startId=3
2025-09-12 22:03:54,961 DEBUG [main] InMemoryCustomQuestRepository [ ] -
            List pending EDIT size=1
2025-09-12 22:03:54,962 DEBUG [main] InMemoryCustomQuestRepository [ ] -
            Staged CREATE pendingId=new-47ce22d7-1e82-4cea-8a52-93d1f0a2f5a1 owner=o name='Q1' nodes=1 startId=1
2025-09-12 22:03:54,962 DEBUG [main] InMemoryCustomQuestRepository [ ] -
            List pending NEW size=1
2025-09-12 22:03:54,962 DEBUG [main] InMemoryCustomQuestRepository [ ] -
            Approved CREATE pendingId=new-47ce22d7-1e82-4cea-8a52-93d1f0a2f5a1 -> newId=dfda79d8-8116-486b-91a8-fc04bd1a9081 owner=o name='Q1'
2025-09-12 22:03:54,962 DEBUG [main] InMemoryCustomQuestRepository [ ] -
            Staged CREATE pendingId=new-a1490788-daeb-47c7-b901-10ff04182ae4 owner=o name='Q2' nodes=1 startId=1
2025-09-12 22:03:54,962 DEBUG [main] InMemoryCustomQuestRepository [ ] -
            List pending NEW size=1
2025-09-12 22:03:54,962 DEBUG [main] InMemoryCustomQuestRepository [ ] -
            Approved CREATE pendingId=new-a1490788-daeb-47c7-b901-10ff04182ae4 -> newId=2c0f4b93-5414-41bc-b790-619975f55edb owner=o name='Q2'
2025-09-12 22:03:54,962 DEBUG [main] InMemoryCustomQuestRepository [ ] -
            Staged EDIT questId=dfda79d8-8116-486b-91a8-fc04bd1a9081 owner=o name='Q1' nodes=1 startId=2
2025-09-12 22:03:54,965 DEBUG [main] InMemoryCustomQuestRepository [ ] -
            Staged EDIT questId=2c0f4b93-5414-41bc-b790-619975f55edb owner=o name='Q2' nodes=1 startId=3
2025-09-12 22:03:54,965 DEBUG [main] InMemoryCustomQuestRepository [ ] -
            List pending EDIT size=2
2025-09-12 22:03:54,966 WARN [main] InMemoryCustomQuestRepository [ ] -
            Reject EDIT failed: pending not found questId=nope
2025-09-12 22:03:54,967 WARN [main] InMemoryCustomQuestRepository [ ] -
            Stage EDIT failed: quest not found id=nope
2025-09-12 22:03:54,968 DEBUG [main] InMemoryCustomQuestRepository [ ] -
            Staged CREATE pendingId=new-aa74550e-46bb-4e10-ab7e-1f7753e52922 owner=o name='Q' nodes=1 startId=1
2025-09-12 22:03:54,968 DEBUG [main] InMemoryCustomQuestRepository [ ] -
            List pending NEW size=1
2025-09-12 22:03:54,968 DEBUG [main] InMemoryCustomQuestRepository [ ] -
            Approved CREATE pendingId=new-aa74550e-46bb-4e10-ab7e-1f7753e52922 -> newId=ee8c47af-7c21-4adb-84f9-d35e1f2423d0 owner=o name='Q'
2025-09-12 22:03:54,968 DEBUG [main] InMemoryCustomQuestRepository [ ] -
            Get quest id=ee8c47af-7c21-4adb-84f9-d35e1f2423d0 found=true
2025-09-12 22:03:54,969 DEBUG [main] InMemoryCustomQuestRepository [ ] -
            List pending NEW size=0
2025-09-12 22:03:54,969 DEBUG [main] InMemoryCustomQuestRepository [ ] -
            Staged CREATE pendingId=new-8390f3ca-2a73-4179-89d0-286fe67b5c22 owner=o name='Q' nodes=1 startId=1
2025-09-12 22:03:54,969 DEBUG [main] InMemoryCustomQuestRepository [ ] -
            List pending NEW size=1
2025-09-12 22:03:54,969 DEBUG [main] InMemoryCustomQuestRepository [ ] -
            Rejected CREATE pendingId=new-8390f3ca-2a73-4179-89d0-286fe67b5c22
2025-09-12 22:03:54,969 DEBUG [main] InMemoryCustomQuestRepository [ ] -
            List pending NEW size=0
2025-09-12 22:03:54,970 WARN [main] InMemoryCustomQuestRepository [ ] -
            Approve CREATE failed: pending not found pendingId=nope
2025-09-12 22:03:54,971 DEBUG [main] InMemoryCustomQuestRepository [ ] -
            Staged CREATE pendingId=new-112149ea-1385-4759-9c25-581e1b71a0dc owner=a name='Q1' nodes=1 startId=1
2025-09-12 22:03:54,974 DEBUG [main] InMemoryCustomQuestRepository [ ] -
            Staged CREATE pendingId=new-62299538-9817-4932-a0f9-831f9dde76f9 owner=a name='Q2' nodes=1 startId=1
2025-09-12 22:03:54,974 DEBUG [main] InMemoryCustomQuestRepository [ ] -
            List pending NEW size=2
2025-09-12 22:03:54,975 WARN [main] InMemoryCustomQuestRepository [ ] -
            Reject CREATE failed: pending not found pendingId=nope
2025-09-12 22:03:54,977 DEBUG [main] InMemoryCustomQuestRepository [ ] -
            Created custom quest id=46a9ffe1-4997-4b71-aaa4-b3677f55f7f1 owner=alice name='Q' nodes=1 published=false
2025-09-12 22:03:54,978 DEBUG [main] InMemoryCustomQuestRepository [ ] -
            List all quests size=1
2025-09-12 22:03:54,978 WARN [main] InMemoryCustomQuestRepository [ ] -
            Delete-if-owner skipped: quest not found id=no-such-id
2025-09-12 22:03:54,978 DEBUG [main] InMemoryCustomQuestRepository [ ] -
            List all quests size=1
2025-09-12 22:03:54,979 DEBUG [main] InMemoryCustomQuestRepository [ ] -
            Staged CREATE pendingId=new-f85849e5-e17b-481a-9202-6097c9e30080 owner=own name='Q' nodes=1 startId=1
2025-09-12 22:03:54,979 DEBUG [main] InMemoryCustomQuestRepository [ ] -
            List pending NEW size=1
2025-09-12 22:03:54,979 DEBUG [main] InMemoryCustomQuestRepository [ ] -
            Approved CREATE pendingId=new-f85849e5-e17b-481a-9202-6097c9e30080 -> newId=aa3595fc-089b-4e13-b52b-f7d796104024 owner=own name='Q'
2025-09-12 22:03:54,979 DEBUG [main] InMemoryCustomQuestRepository [ ] -
            Get quest id=aa3595fc-089b-4e13-b52b-f7d796104024 found=true
2025-09-12 22:03:54,982 DEBUG [main] InMemoryCustomQuestRepository [ ] -
            Updated quest id=aa3595fc-089b-4e13-b52b-f7d796104024 nodes=2 startId=2 published=true
2025-09-12 22:03:54,982 DEBUG [main] InMemoryCustomQuestRepository [ ] -
            Get quest id=aa3595fc-089b-4e13-b52b-f7d796104024 found=true
2025-09-12 22:03:54,983 WARN [main] InMemoryCustomQuestRepository [ ] -
            Delete skipped: quest not found id=nope
2025-09-12 22:03:54,983 DEBUG [main] InMemoryCustomQuestRepository [ ] -
            Created custom quest id=f2c88f0c-17e6-4376-bf88-efde740d42e8 owner=o name='Q' nodes=1 published=false
2025-09-12 22:03:54,983 DEBUG [main] InMemoryCustomQuestRepository [ ] -
            List all quests size=1
2025-09-12 22:03:54,983 DEBUG [main] InMemoryCustomQuestRepository [ ] -
            Deleted quest id=f2c88f0c-17e6-4376-bf88-efde740d42e8
2025-09-12 22:03:54,983 DEBUG [main] InMemoryCustomQuestRepository [ ] -
            List all quests size=0
2025-09-12 22:03:54,984 DEBUG [main] InMemoryCustomQuestRepository [ ] -
            Created custom quest id=095ac7aa-27dc-4ad9-a074-95e9d4ba316e owner=alice name='Q' nodes=1 published=false
2025-09-12 22:03:54,985 DEBUG [main] InMemoryCustomQuestRepository [ ] -
            List quests by owner=alice size=1
2025-09-12 22:03:54,985 DEBUG [main] InMemoryCustomQuestRepository [ ] -
            Deleted quest by owner id=095ac7aa-27dc-4ad9-a074-95e9d4ba316e owner=alice
2025-09-12 22:03:54,985 DEBUG [main] InMemoryCustomQuestRepository [ ] -
            List quests by owner=alice size=0
2025-09-12 22:03:54,986 DEBUG [main] InMemoryCustomQuestRepository [ ] -
            Created custom quest id=f105e5ba-b109-4894-b1a8-dadd9e6ca5e5 owner=alice name='Q' nodes=1 published=false
2025-09-12 22:03:54,986 DEBUG [main] InMemoryCustomQuestRepository [ ] -
            List quests by owner=alice size=1
2025-09-12 22:03:54,986 WARN [main] InMemoryCustomQuestRepository [ ] -
            Delete-if-owner denied: owner mismatch id=f105e5ba-b109-4894-b1a8-dadd9e6ca5e5 owner=bob
2025-09-12 22:03:54,986 DEBUG [main] InMemoryCustomQuestRepository [ ] -
            Get quest id=f105e5ba-b109-4894-b1a8-dadd9e6ca5e5 found=true
2025-09-12 22:03:54,988 DEBUG [main] InMemoryCustomQuestRepository [ ] -
            Created custom quest id=7076b068-e2a0-4885-81d9-ad917217e55b owner=alice name='Q1' nodes=1 published=false
2025-09-12 22:03:54,988 DEBUG [main] InMemoryCustomQuestRepository [ ] -
            Created custom quest id=6bf5fb6a-3af9-42e8-897b-9a6725953d86 owner=bob name='Q2' nodes=1 published=false
2025-09-12 22:03:54,988 DEBUG [main] InMemoryCustomQuestRepository [ ] -
            List quests by owner=alice size=1
2025-09-12 22:03:54,988 DEBUG [main] InMemoryCustomQuestRepository [ ] -
            Created custom quest id=5f822934-7fa1-4738-88f1-a28662adb876 owner=o name='X' nodes=1 published=false
2025-09-12 22:03:54,988 DEBUG [main] InMemoryCustomQuestRepository [ ] -
            List all quests size=1
2025-09-12 22:03:54,988 DEBUG [main] InMemoryCustomQuestRepository [ ] -
            Get quest id=5f822934-7fa1-4738-88f1-a28662adb876 found=true
2025-09-12 22:03:54,989 DEBUG [main] InMemoryCustomQuestRepository [ ] -
            Created custom quest id=1480f5fa-f0fd-4855-af8b-e9daa3318c70 owner=o name='A' nodes=1 published=false
2025-09-12 22:03:54,989 DEBUG [main] InMemoryCustomQuestRepository [ ] -
            Created custom quest id=69a2e217-95d1-4995-bbd7-dd609ac1af36 owner=o name='B' nodes=1 published=false
2025-09-12 22:03:54,990 DEBUG [main] InMemoryCustomQuestRepository [ ] -
            List all quests size=2
2025-09-12 22:03:54,991 DEBUG [main] InMemoryCustomQuestRepository [ ] -
            Updated quest id=1480f5fa-f0fd-4855-af8b-e9daa3318c70 nodes=1 startId=2 published=true
2025-09-12 22:03:54,991 DEBUG [main] InMemoryCustomQuestRepository [ ] -
            List all quests size=2
2025-09-12 22:03:54,991 DEBUG [main] InMemoryCustomQuestRepository [ ] -
            Created custom quest id=83583138-1354-4abc-bdd9-3b9f5aeeecc3 owner=alice name='Q1' nodes=2 published=false
2025-09-12 22:03:54,991 DEBUG [main] InMemoryCustomQuestRepository [ ] -
            List quests by owner=alice size=1
2025-09-12 22:03:54,997 DEBUG [main] ProfileServlet [ ] -
            ProfileServlet initialized with userService=UserService$MockitoMock$GcC6XxzJ userStats=none
2025-09-12 22:03:54,998 INFO [main] ProfileServlet [ ] -
            User changed password userId=u1
2025-09-12 22:03:55,004 DEBUG [main] ProfileServlet [ ] -
            ProfileServlet initialized with userService=UserService$MockitoMock$GcC6XxzJ userStats=none
2025-09-12 22:03:55,004 WARN [main] ProfileServlet [ ] -
            Unknown profile action userId=null action=???
2025-09-12 22:03:55,010 DEBUG [main] ProfileServlet [ ] -
            ProfileServlet initialized with userService=UserService$MockitoMock$GcC6XxzJ userStats=none
2025-09-12 22:03:55,011 WARN [main] ProfileServlet [ ] -
            Password change failed (wrong current password) userId=u1
2025-09-12 22:03:55,015 DEBUG [main] ProfileServlet [ ] -
            ProfileServlet initialized with userService=UserService$MockitoMock$GcC6XxzJ userStats=none
2025-09-12 22:03:55,016 INFO [main] ProfileServlet [ ] -
            User updated display name userId=u1
2025-09-12 22:03:55,022 DEBUG [main] ProfileServlet [ ] -
            ProfileServlet initialized with userService=UserService$MockitoMock$GcC6XxzJ userStats=none
2025-09-12 22:03:55,022 WARN [main] ProfileServlet [ ] -
            Profile update validation error userId=null msg=The new password and the confirmation don't match
2025-09-12 22:03:55,027 DEBUG [main] ProfileServlet [ ] -
            ProfileServlet initialized with userService=UserService$MockitoMock$GcC6XxzJ userStats=none
2025-09-12 22:03:55,028 WARN [main] ProfileServlet [ ] -
            Profile update attempt without authentication
2025-09-12 22:03:55,035 DEBUG [main] ProfileServlet [ ] -
            ProfileServlet initialized with userService=UserService$MockitoMock$GcC6XxzJ userStats=UserStatsService$MockitoMock$e7iqeggc
2025-09-12 22:03:55,035 DEBUG [main] ProfileServlet [ ] -
            Profile page requested userId=u1
2025-09-12 22:03:55,040 DEBUG [main] ProfileServlet [ ] -
            ProfileServlet initialized with userService=UserService$MockitoMock$GcC6XxzJ userStats=none
2025-09-12 22:03:55,041 WARN [main] ProfileServlet [ ] -
            Unauthenticated profile page access, redirecting to login
2025-09-12 22:03:55,079 DEBUG [main] BaseSaveServlet [ ] -
            resolveQuestName questId=custom-q -> 'Custom quest'
2025-09-12 22:03:55,080 DEBUG [main] BaseSaveServlet [ ] -
            titleFor(custom) authoring=null nodeId=11 -> 'Node #11'
2025-09-12 22:03:55,080 INFO [main] GoSavesServlet [ ] -
            Save overwritten userId=user-1 slot=0 nodeId=11 questId=custom-q title='Node #11'
2025-09-12 22:03:55,110 DEBUG [main] BaseSaveServlet [ ] -
            titleFor(main) nodeId=7 -> 'Node #7'
2025-09-12 22:03:55,110 INFO [main] GoSavesServlet [ ] -
            Save confirm prompt userId=u1 slot=2 oldNodeId=5 newNodeId=7 questId=main
2025-09-12 22:03:55,114 DEBUG [main] BaseSaveServlet [ ] -
            resolveQuestName questId=main -> 'main'
2025-09-12 22:03:55,114 DEBUG [main] BaseSaveServlet [ ] -
            titleFor(main) nodeId=42 -> 'Node #42'
2025-09-12 22:03:55,114 INFO [main] GoSavesServlet [ ] -
            Save created userId=u1 slot=3 nodeId=42 questId=main title='Node #42'
2025-09-12 22:03:55,157 DEBUG [main] AbstractSlotsServlet [ ] -
            Slots CANCEL redirect userId=u to=/app/saves?next=%2Fq&purpose=p&node=1&custom=c
2025-09-12 22:03:55,181 WARN [main] AbstractSlotsServlet [ ] -
            Slots POST invalid params userId=null op=null slot=-1 next=/quest questId=null
2025-09-12 22:03:55,184 WARN [main] AbstractSlotsServlet [ ] -
            Slots CANCEL not allowed userId=1 slot=1
2025-09-12 22:03:55,187 INFO [main] AbstractSlotsServlet [ ] -
            Slots GO userId=123 slot=2 next=/next questId=custom
2025-09-12 22:03:55,193 INFO [main] AbstractSlotsServlet [ ] -
            Slots CONFIRM userId=5 slot=3 next=/quest questId=main
2025-09-12 22:03:55,196 WARN [main] AbstractSlotsServlet [ ] -
            Slots CONFIRM not allowed userId=1 slot=0
2025-09-12 22:03:55,198 INFO [main] AbstractSlotsServlet [ ] -
            Slots CANCEL userId=10 slot=1 questId=x
2025-09-12 22:03:55,201 INFO [main] AbstractSlotsServlet [ ] -
            Slots GET userId=7 path=/saves
2025-09-12 22:03:55,209 WARN [main] UsersServlet [ ] -
            Users search miss q=Something
2025-09-12 22:03:55,213 INFO [main] UsersServlet [ ] -
            Users search by login hit q=NickName userId=null
2025-09-12 22:03:55,218 INFO [main] UsersServlet [ ] -
            Users list requested: all users count=2
2025-09-12 22:03:55,224 INFO [main] UsersServlet [ ] -
            Users search by id hit q=U1 userLogin=null
2025-09-12 22:03:55,227 DEBUG [main] UsersServlet [ ] -
            UsersServlet initialized userService=UserService$MockitoMock$GcC6XxzJ
2025-09-12 22:03:55,236 INFO [main] FriendsServlet [ ] -
            friend request accepted to=me from=u2
2025-09-12 22:03:55,264 ERROR [main] FriendsServlet [ ] -
            friends POST failed userId=me action='request': boom
java.lang.RuntimeException: boom
	at com.javarush.apalinskiy.web.servlet.FriendsServlet.doPost(FriendsServlet.java:78)
	at com.javarush.apalinskiy.web.servlet.FriendsServlet.doPost(FriendsServlet.java:64)
	at com.javarush.apalinskiy.web.servlet.FriendsServletTest$DoPost.serviceThrows_logged_and_redirected(FriendsServletTest.java:441)
	at java.base/jdk.internal.reflect.DirectMethodHandleAccessor.invoke(DirectMethodHandleAccessor.java:103)
	at java.base/java.lang.reflect.Method.invoke(Method.java:580)
	at org.junit.platform.commons.util.ReflectionUtils.invokeMethod(ReflectionUtils.java:728)
	at org.junit.jupiter.engine.execution.MethodInvocation.proceed(MethodInvocation.java:60)
	at org.junit.jupiter.engine.execution.InvocationInterceptorChain$ValidatingInvocation.proceed(InvocationInterceptorChain.java:131)
	at org.junit.jupiter.engine.extension.TimeoutExtension.intercept(TimeoutExtension.java:156)
	at org.junit.jupiter.engine.extension.TimeoutExtension.interceptTestableMethod(TimeoutExtension.java:147)
	at org.junit.jupiter.engine.extension.TimeoutExtension.interceptTestMethod(TimeoutExtension.java:86)
	at org.junit.jupiter.engine.execution.InterceptingExecutableInvoker$ReflectiveInterceptorCall.lambda$ofVoidMethod$0(InterceptingExecutableInvoker.java:103)
	at org.junit.jupiter.engine.execution.InterceptingExecutableInvoker.lambda$invoke$0(InterceptingExecutableInvoker.java:93)
	at org.junit.jupiter.engine.execution.InvocationInterceptorChain$InterceptedInvocation.proceed(InvocationInterceptorChain.java:106)
	at org.junit.jupiter.engine.execution.InvocationInterceptorChain.proceed(InvocationInterceptorChain.java:64)
	at org.junit.jupiter.engine.execution.InvocationInterceptorChain.chainAndInvoke(InvocationInterceptorChain.java:45)
	at org.junit.jupiter.engine.execution.InvocationInterceptorChain.invoke(InvocationInterceptorChain.java:37)
	at org.junit.jupiter.engine.execution.InterceptingExecutableInvoker.invoke(InterceptingExecutableInvoker.java:92)
	at org.junit.jupiter.engine.execution.InterceptingExecutableInvoker.invoke(InterceptingExecutableInvoker.java:86)
	at org.junit.jupiter.engine.descriptor.TestMethodTestDescriptor.lambda$invokeTestMethod$7(TestMethodTestDescriptor.java:218)
	at org.junit.platform.engine.support.hierarchical.ThrowableCollector.execute(ThrowableCollector.java:73)
	at org.junit.jupiter.engine.descriptor.TestMethodTestDescriptor.invokeTestMethod(TestMethodTestDescriptor.java:214)
	at org.junit.jupiter.engine.descriptor.TestMethodTestDescriptor.execute(TestMethodTestDescriptor.java:139)
	at org.junit.jupiter.engine.descriptor.TestMethodTestDescriptor.execute(TestMethodTestDescriptor.java:69)
	at org.junit.platform.engine.support.hierarchical.NodeTestTask.lambda$executeRecursively$6(NodeTestTask.java:156)
	at org.junit.platform.engine.support.hierarchical.ThrowableCollector.execute(ThrowableCollector.java:73)
	at org.junit.platform.engine.support.hierarchical.NodeTestTask.lambda$executeRecursively$8(NodeTestTask.java:146)
	at org.junit.platform.engine.support.hierarchical.Node.around(Node.java:137)
	at org.junit.platform.engine.support.hierarchical.NodeTestTask.lambda$executeRecursively$9(NodeTestTask.java:144)
	at org.junit.platform.engine.support.hierarchical.ThrowableCollector.execute(ThrowableCollector.java:73)
	at org.junit.platform.engine.support.hierarchical.NodeTestTask.executeRecursively(NodeTestTask.java:143)
	at org.junit.platform.engine.support.hierarchical.NodeTestTask.execute(NodeTestTask.java:100)
	at java.base/java.util.ArrayList.forEach(ArrayList.java:1596)
	at org.junit.platform.engine.support.hierarchical.SameThreadHierarchicalTestExecutorService.invokeAll(SameThreadHierarchicalTestExecutorService.java:41)
	at org.junit.platform.engine.support.hierarchical.NodeTestTask.lambda$executeRecursively$6(NodeTestTask.java:160)
	at org.junit.platform.engine.support.hierarchical.ThrowableCollector.execute(ThrowableCollector.java:73)
	at org.junit.platform.engine.support.hierarchical.NodeTestTask.lambda$executeRecursively$8(NodeTestTask.java:146)
	at org.junit.platform.engine.support.hierarchical.Node.around(Node.java:137)
	at org.junit.platform.engine.support.hierarchical.NodeTestTask.lambda$executeRecursively$9(NodeTestTask.java:144)
	at org.junit.platform.engine.support.hierarchical.ThrowableCollector.execute(ThrowableCollector.java:73)
	at org.junit.platform.engine.support.hierarchical.NodeTestTask.executeRecursively(NodeTestTask.java:143)
	at org.junit.platform.engine.support.hierarchical.NodeTestTask.execute(NodeTestTask.java:100)
	at java.base/java.util.ArrayList.forEach(ArrayList.java:1596)
	at org.junit.platform.engine.support.hierarchical.SameThreadHierarchicalTestExecutorService.invokeAll(SameThreadHierarchicalTestExecutorService.java:41)
	at org.junit.platform.engine.support.hierarchical.NodeTestTask.lambda$executeRecursively$6(NodeTestTask.java:160)
	at org.junit.platform.engine.support.hierarchical.ThrowableCollector.execute(ThrowableCollector.java:73)
	at org.junit.platform.engine.support.hierarchical.NodeTestTask.lambda$executeRecursively$8(NodeTestTask.java:146)
	at org.junit.platform.engine.support.hierarchical.Node.around(Node.java:137)
	at org.junit.platform.engine.support.hierarchical.NodeTestTask.lambda$executeRecursively$9(NodeTestTask.java:144)
	at org.junit.platform.engine.support.hierarchical.ThrowableCollector.execute(ThrowableCollector.java:73)
	at org.junit.platform.engine.support.hierarchical.NodeTestTask.executeRecursively(NodeTestTask.java:143)
	at org.junit.platform.engine.support.hierarchical.NodeTestTask.execute(NodeTestTask.java:100)
	at java.base/java.util.ArrayList.forEach(ArrayList.java:1596)
	at org.junit.platform.engine.support.hierarchical.SameThreadHierarchicalTestExecutorService.invokeAll(SameThreadHierarchicalTestExecutorService.java:41)
	at org.junit.platform.engine.support.hierarchical.NodeTestTask.lambda$executeRecursively$6(NodeTestTask.java:160)
	at org.junit.platform.engine.support.hierarchical.ThrowableCollector.execute(ThrowableCollector.java:73)
	at org.junit.platform.engine.support.hierarchical.NodeTestTask.lambda$executeRecursively$8(NodeTestTask.java:146)
	at org.junit.platform.engine.support.hierarchical.Node.around(Node.java:137)
	at org.junit.platform.engine.support.hierarchical.NodeTestTask.lambda$executeRecursively$9(NodeTestTask.java:144)
	at org.junit.platform.engine.support.hierarchical.ThrowableCollector.execute(ThrowableCollector.java:73)
	at org.junit.platform.engine.support.hierarchical.NodeTestTask.executeRecursively(NodeTestTask.java:143)
	at org.junit.platform.engine.support.hierarchical.NodeTestTask.execute(NodeTestTask.java:100)
	at org.junit.platform.engine.support.hierarchical.SameThreadHierarchicalTestExecutorService.submit(SameThreadHierarchicalTestExecutorService.java:35)
	at org.junit.platform.engine.support.hierarchical.HierarchicalTestExecutor.execute(HierarchicalTestExecutor.java:57)
	at org.junit.platform.engine.support.hierarchical.HierarchicalTestEngine.execute(HierarchicalTestEngine.java:54)
	at org.junit.platform.launcher.core.EngineExecutionOrchestrator.execute(EngineExecutionOrchestrator.java:198)
	at org.junit.platform.launcher.core.EngineExecutionOrchestrator.execute(EngineExecutionOrchestrator.java:169)
	at org.junit.platform.launcher.core.EngineExecutionOrchestrator.execute(EngineExecutionOrchestrator.java:93)
	at org.junit.platform.launcher.core.EngineExecutionOrchestrator.lambda$execute$0(EngineExecutionOrchestrator.java:58)
	at org.junit.platform.launcher.core.EngineExecutionOrchestrator.withInterceptedStreams(EngineExecutionOrchestrator.java:141)
	at org.junit.platform.launcher.core.EngineExecutionOrchestrator.execute(EngineExecutionOrchestrator.java:57)
	at org.junit.platform.launcher.core.DefaultLauncher.execute(DefaultLauncher.java:103)
	at org.junit.platform.launcher.core.DefaultLauncher.execute(DefaultLauncher.java:85)
	at org.junit.platform.launcher.core.DelegatingLauncher.execute(DelegatingLauncher.java:47)
	at org.junit.platform.launcher.core.SessionPerRequestLauncher.execute(SessionPerRequestLauncher.java:63)
	at com.intellij.junit5.JUnit5IdeaTestRunner.startRunnerWithArgs(JUnit5IdeaTestRunner.java:57)
	at com.intellij.rt.junit.IdeaTestRunner$Repeater$1.execute(IdeaTestRunner.java:38)
	at com.intellij.rt.execution.junit.TestsRepeater.repeat(TestsRepeater.java:11)
	at com.intellij.rt.junit.IdeaTestRunner$Repeater.startRunnerWithArgs(IdeaTestRunner.java:35)
	at com.intellij.rt.junit.JUnitStarter.prepareStreamsAndStart(JUnitStarter.java:231)
	at com.intellij.rt.junit.JUnitStarter.main(JUnitStarter.java:55)
2025-09-12 22:03:55,269 WARN [main] FriendsServlet [ ] -
            friend request: missing recipient userId=null
2025-09-12 22:03:55,274 DEBUG [main] FriendsServlet [ ] -
            notify FRIEND_REMOVED failed silently userId=me friendId=friendX
2025-09-12 22:03:55,274 INFO [main] FriendsServlet [ ] -
            friend removed userId=me friendId=friendX
2025-09-12 22:03:55,282 INFO [main] FriendsServlet [ ] -
            friend request sent from=me to=u2
2025-09-12 22:03:55,285 INFO [main] FriendsServlet [ ] -
            friends access requires auth -> redirect to login
2025-09-12 22:03:55,290 INFO [main] FriendsServlet [ ] -
            friend request cancelled from=me to=u2
2025-09-12 22:03:55,293 INFO [main] FriendsServlet [ ] -
            friend request declined to=me from=u2
2025-09-12 22:03:55,297 WARN [main] FriendsServlet [ ] -
            friends POST unknown action userId=null action='wtf'
2025-09-12 22:03:55,301 WARN [main] FriendsServlet [ ] -
            friends POST unknown action userId=null action='null'
2025-09-12 22:03:55,305 WARN [main] FriendsServlet [ ] -
            friend accept: missing sender userId=null
2025-09-12 22:03:55,308 INFO [main] FriendsServlet [ ] -
            friend removed userId=me friendId=friendX
2025-09-12 22:03:55,313 INFO [main] FriendsServlet [ ] -
            friends access requires auth -> redirect to login
2025-09-12 22:03:55,315 INFO [main] FriendsServlet [ ] -
            Friends page opened userId=u1 friends=2 incoming=0 outgoing=0
2025-09-12 22:03:55,318 DEBUG [main] FriendsServlet [ ] -
            FriendsServlet initialized notifyPresent=true
2025-09-12 22:03:55,320 DEBUG [main] FriendsServlet [ ] -
            FriendsServlet initialized notifyPresent=false
2025-09-12 22:03:55,334 INFO [main] GoLoadsServlet [ ] -
            Load slot success userId=u1 slot=0 nodeId=7 questId=q123 target=/ctx/quest?id=7&custom=q123
2025-09-12 22:03:55,338 INFO [main] GoLoadsServlet [ ] -
            Load slot success userId=u1 slot=2 nodeId=42 questId=main target=/ctx/quest?id=42
2025-09-12 22:03:55,339 DEBUG [main] GoLoadsServlet [ ] -
            Load slot: empty slot userId=u1 slot=3
2025-09-12 22:03:55,352 INFO [main] UserPublishedQuestsServlet [ ] -
            Published quests view for userId=A login=loginA requestedBy=other isOwner=false isAdmin=false total=2 visible=1
2025-09-12 22:03:55,361 WARN [main] UserPublishedQuestsServlet [ ] -
            Published quests requested without id param
2025-09-12 22:03:55,368 INFO [main] UserPublishedQuestsServlet [ ] -
            Published quests view for userId=null login=loginX requestedBy=null isOwner=false isAdmin=true total=2 visible=2
2025-09-12 22:03:55,375 INFO [main] UserPublishedQuestsServlet [ ] -
            Published quests view for userId=U login=loginU requestedBy=U isOwner=true isAdmin=false total=2 visible=2
2025-09-12 22:03:55,383 WARN [main] UserPublishedQuestsServlet [ ] -
            Published quests requested but user not found id=u1
2025-09-12 22:03:55,388 ERROR [main] UserPublishedQuestsServlet [ ] -
            Init failed: no user service
2025-09-12 22:03:55,392 DEBUG [main] UserPublishedQuestsServlet [ ] -
            UserPublishedQuestsServlet initialized (userService=UserService$MockitoMock$GcC6XxzJ, authoring=QuestAuthoringService)
2025-09-12 22:03:55,395 DEBUG [main] GraphSvgServlet [ ] -
            GraphSvgServlet initialized with InMemoryQuestStore
2025-09-12 22:03:55,406 DEBUG [main] GraphSvgServlet [ ] -
            Graph model built nodes=0 startId=5
2025-09-12 22:03:55,408 DEBUG [main] GraphSvgServlet [ ] -
            GraphSvgServlet initialized with InMemoryQuestStore
2025-09-12 22:03:55,413 WARN [main] GraphSvgServlet [ ] -
            Failed to read nodes from repo, returning empty list
java.lang.RuntimeException: fail
	at com.javarush.apalinskiy.repository.inmemory.quest.InMemoryQuestStore.nodes(InMemoryQuestStore.java:145)
	at com.javarush.apalinskiy.web.servlet.GraphSvgServlet.safeNodes(GraphSvgServlet.java:76)
	at com.javarush.apalinskiy.web.servlet.GraphSvgServlet.doGet(GraphSvgServlet.java:67)
	at com.javarush.apalinskiy.web.servlet.GraphSvgServletTest$DoGet.safeNodes_fallback_empty(GraphSvgServletTest.java:203)
	at java.base/jdk.internal.reflect.DirectMethodHandleAccessor.invoke(DirectMethodHandleAccessor.java:103)
	at java.base/java.lang.reflect.Method.invoke(Method.java:580)
	at org.junit.platform.commons.util.ReflectionUtils.invokeMethod(ReflectionUtils.java:728)
	at org.junit.jupiter.engine.execution.MethodInvocation.proceed(MethodInvocation.java:60)
	at org.junit.jupiter.engine.execution.InvocationInterceptorChain$ValidatingInvocation.proceed(InvocationInterceptorChain.java:131)
	at org.junit.jupiter.engine.extension.TimeoutExtension.intercept(TimeoutExtension.java:156)
	at org.junit.jupiter.engine.extension.TimeoutExtension.interceptTestableMethod(TimeoutExtension.java:147)
	at org.junit.jupiter.engine.extension.TimeoutExtension.interceptTestMethod(TimeoutExtension.java:86)
	at org.junit.jupiter.engine.execution.InterceptingExecutableInvoker$ReflectiveInterceptorCall.lambda$ofVoidMethod$0(InterceptingExecutableInvoker.java:103)
	at org.junit.jupiter.engine.execution.InterceptingExecutableInvoker.lambda$invoke$0(InterceptingExecutableInvoker.java:93)
	at org.junit.jupiter.engine.execution.InvocationInterceptorChain$InterceptedInvocation.proceed(InvocationInterceptorChain.java:106)
	at org.junit.jupiter.engine.execution.InvocationInterceptorChain.proceed(InvocationInterceptorChain.java:64)
	at org.junit.jupiter.engine.execution.InvocationInterceptorChain.chainAndInvoke(InvocationInterceptorChain.java:45)
	at org.junit.jupiter.engine.execution.InvocationInterceptorChain.invoke(InvocationInterceptorChain.java:37)
	at org.junit.jupiter.engine.execution.InterceptingExecutableInvoker.invoke(InterceptingExecutableInvoker.java:92)
	at org.junit.jupiter.engine.execution.InterceptingExecutableInvoker.invoke(InterceptingExecutableInvoker.java:86)
	at org.junit.jupiter.engine.descriptor.TestMethodTestDescriptor.lambda$invokeTestMethod$7(TestMethodTestDescriptor.java:218)
	at org.junit.platform.engine.support.hierarchical.ThrowableCollector.execute(ThrowableCollector.java:73)
	at org.junit.jupiter.engine.descriptor.TestMethodTestDescriptor.invokeTestMethod(TestMethodTestDescriptor.java:214)
	at org.junit.jupiter.engine.descriptor.TestMethodTestDescriptor.execute(TestMethodTestDescriptor.java:139)
	at org.junit.jupiter.engine.descriptor.TestMethodTestDescriptor.execute(TestMethodTestDescriptor.java:69)
	at org.junit.platform.engine.support.hierarchical.NodeTestTask.lambda$executeRecursively$6(NodeTestTask.java:156)
	at org.junit.platform.engine.support.hierarchical.ThrowableCollector.execute(ThrowableCollector.java:73)
	at org.junit.platform.engine.support.hierarchical.NodeTestTask.lambda$executeRecursively$8(NodeTestTask.java:146)
	at org.junit.platform.engine.support.hierarchical.Node.around(Node.java:137)
	at org.junit.platform.engine.support.hierarchical.NodeTestTask.lambda$executeRecursively$9(NodeTestTask.java:144)
	at org.junit.platform.engine.support.hierarchical.ThrowableCollector.execute(ThrowableCollector.java:73)
	at org.junit.platform.engine.support.hierarchical.NodeTestTask.executeRecursively(NodeTestTask.java:143)
	at org.junit.platform.engine.support.hierarchical.NodeTestTask.execute(NodeTestTask.java:100)
	at java.base/java.util.ArrayList.forEach(ArrayList.java:1596)
	at org.junit.platform.engine.support.hierarchical.SameThreadHierarchicalTestExecutorService.invokeAll(SameThreadHierarchicalTestExecutorService.java:41)
	at org.junit.platform.engine.support.hierarchical.NodeTestTask.lambda$executeRecursively$6(NodeTestTask.java:160)
	at org.junit.platform.engine.support.hierarchical.ThrowableCollector.execute(ThrowableCollector.java:73)
	at org.junit.platform.engine.support.hierarchical.NodeTestTask.lambda$executeRecursively$8(NodeTestTask.java:146)
	at org.junit.platform.engine.support.hierarchical.Node.around(Node.java:137)
	at org.junit.platform.engine.support.hierarchical.NodeTestTask.lambda$executeRecursively$9(NodeTestTask.java:144)
	at org.junit.platform.engine.support.hierarchical.ThrowableCollector.execute(ThrowableCollector.java:73)
	at org.junit.platform.engine.support.hierarchical.NodeTestTask.executeRecursively(NodeTestTask.java:143)
	at org.junit.platform.engine.support.hierarchical.NodeTestTask.execute(NodeTestTask.java:100)
	at java.base/java.util.ArrayList.forEach(ArrayList.java:1596)
	at org.junit.platform.engine.support.hierarchical.SameThreadHierarchicalTestExecutorService.invokeAll(SameThreadHierarchicalTestExecutorService.java:41)
	at org.junit.platform.engine.support.hierarchical.NodeTestTask.lambda$executeRecursively$6(NodeTestTask.java:160)
	at org.junit.platform.engine.support.hierarchical.ThrowableCollector.execute(ThrowableCollector.java:73)
	at org.junit.platform.engine.support.hierarchical.NodeTestTask.lambda$executeRecursively$8(NodeTestTask.java:146)
	at org.junit.platform.engine.support.hierarchical.Node.around(Node.java:137)
	at org.junit.platform.engine.support.hierarchical.NodeTestTask.lambda$executeRecursively$9(NodeTestTask.java:144)
	at org.junit.platform.engine.support.hierarchical.ThrowableCollector.execute(ThrowableCollector.java:73)
	at org.junit.platform.engine.support.hierarchical.NodeTestTask.executeRecursively(NodeTestTask.java:143)
	at org.junit.platform.engine.support.hierarchical.NodeTestTask.execute(NodeTestTask.java:100)
	at java.base/java.util.ArrayList.forEach(ArrayList.java:1596)
	at org.junit.platform.engine.support.hierarchical.SameThreadHierarchicalTestExecutorService.invokeAll(SameThreadHierarchicalTestExecutorService.java:41)
	at org.junit.platform.engine.support.hierarchical.NodeTestTask.lambda$executeRecursively$6(NodeTestTask.java:160)
	at org.junit.platform.engine.support.hierarchical.ThrowableCollector.execute(ThrowableCollector.java:73)
	at org.junit.platform.engine.support.hierarchical.NodeTestTask.lambda$executeRecursively$8(NodeTestTask.java:146)
	at org.junit.platform.engine.support.hierarchical.Node.around(Node.java:137)
	at org.junit.platform.engine.support.hierarchical.NodeTestTask.lambda$executeRecursively$9(NodeTestTask.java:144)
	at org.junit.platform.engine.support.hierarchical.ThrowableCollector.execute(ThrowableCollector.java:73)
	at org.junit.platform.engine.support.hierarchical.NodeTestTask.executeRecursively(NodeTestTask.java:143)
	at org.junit.platform.engine.support.hierarchical.NodeTestTask.execute(NodeTestTask.java:100)
	at org.junit.platform.engine.support.hierarchical.SameThreadHierarchicalTestExecutorService.submit(SameThreadHierarchicalTestExecutorService.java:35)
	at org.junit.platform.engine.support.hierarchical.HierarchicalTestExecutor.execute(HierarchicalTestExecutor.java:57)
	at org.junit.platform.engine.support.hierarchical.HierarchicalTestEngine.execute(HierarchicalTestEngine.java:54)
	at org.junit.platform.launcher.core.EngineExecutionOrchestrator.execute(EngineExecutionOrchestrator.java:198)
	at org.junit.platform.launcher.core.EngineExecutionOrchestrator.execute(EngineExecutionOrchestrator.java:169)
	at org.junit.platform.launcher.core.EngineExecutionOrchestrator.execute(EngineExecutionOrchestrator.java:93)
	at org.junit.platform.launcher.core.EngineExecutionOrchestrator.lambda$execute$0(EngineExecutionOrchestrator.java:58)
	at org.junit.platform.launcher.core.EngineExecutionOrchestrator.withInterceptedStreams(EngineExecutionOrchestrator.java:141)
	at org.junit.platform.launcher.core.EngineExecutionOrchestrator.execute(EngineExecutionOrchestrator.java:57)
	at org.junit.platform.launcher.core.DefaultLauncher.execute(DefaultLauncher.java:103)
	at org.junit.platform.launcher.core.DefaultLauncher.execute(DefaultLauncher.java:85)
	at org.junit.platform.launcher.core.DelegatingLauncher.execute(DelegatingLauncher.java:47)
	at org.junit.platform.launcher.core.SessionPerRequestLauncher.execute(SessionPerRequestLauncher.java:63)
	at com.intellij.junit5.JUnit5IdeaTestRunner.startRunnerWithArgs(JUnit5IdeaTestRunner.java:57)
	at com.intellij.rt.junit.IdeaTestRunner$Repeater$1.execute(IdeaTestRunner.java:38)
	at com.intellij.rt.execution.junit.TestsRepeater.repeat(TestsRepeater.java:11)
	at com.intellij.rt.junit.IdeaTestRunner$Repeater.startRunnerWithArgs(IdeaTestRunner.java:35)
	at com.intellij.rt.junit.JUnitStarter.prepareStreamsAndStart(JUnitStarter.java:231)
	at com.intellij.rt.junit.JUnitStarter.main(JUnitStarter.java:55)
2025-09-12 22:03:55,414 DEBUG [main] GraphSvgServlet [ ] -
            Graph model built nodes=0 startId=10
2025-09-12 22:03:55,415 DEBUG [main] GraphSvgServlet [ ] -
            GraphSvgServlet initialized with InMemoryQuestStore
2025-09-12 22:03:55,421 WARN [main] GraphSvgServlet [ ] -
            Graph load failed questId=BAD msg=boom
2025-09-12 22:03:55,421 DEBUG [main] GraphSvgServlet [ ] -
            Graph model built nodes=0 startId=2
2025-09-12 22:03:55,423 DEBUG [main] GraphSvgServlet [ ] -
            GraphSvgServlet initialized with InMemoryQuestStore
2025-09-12 22:03:55,429 INFO [main] GraphSvgServlet [ ] -
            Graph load into editor questId=Q1 (set EDITING_QUEST_ID/NAME if available)
2025-09-12 22:03:55,429 DEBUG [main] GraphSvgServlet [ ] -
            Graph model built nodes=0 startId=1
2025-09-12 22:03:55,431 DEBUG [main] GraphSvgServlet [ ] -
            GraphSvgServlet initialized with InMemoryQuestStore
2025-09-12 22:03:55,436 DEBUG [main] GraphSvgServlet [ ] -
            Filled missing EDITING_QUEST_NAME from catalog for questId=QX
2025-09-12 22:03:55,437 DEBUG [main] GraphSvgServlet [ ] -
            Graph model built nodes=0 startId=3
2025-09-12 22:03:55,439 DEBUG [main] GraphSvgServlet [ ] -
            GraphSvgServlet initialized with InMemoryQuestStore
2025-09-12 22:03:55,441 ERROR [main] GraphSvgServlet [ ] -
            Init failed: editor repository not found (attr=editorQuestRepository)
2025-09-12 22:03:55,453 INFO [main] DeleteQuestServlet [ ] -
            Delete quest attempt questId=Q2 by actorId=null isAdmin=false
2025-09-12 22:03:55,454 INFO [main] DeleteQuestServlet [ ] -
            Delete quest success questId=Q2 by actorId=null questName='Quest'
2025-09-12 22:03:55,456 INFO [main] DeleteQuestServlet [ ] -
            Delete quest attempt questId=QX by actorId=null isAdmin=true
2025-09-12 22:03:55,457 WARN [main] DeleteQuestServlet [ ] -
            Delete quest failed questId=QX by actorId=null reason='Cannot be deleted: not found.'
2025-09-12 22:03:55,458 INFO [main] DeleteQuestServlet [ ] -
            Delete quest attempt questId=Q4 by actorId=null isAdmin=true
2025-09-12 22:03:55,459 WARN [main] DeleteQuestServlet [ ] -
            Delete quest exception questId=Q4 by actorId=null msg=boom
2025-09-12 22:03:55,462 WARN [main] DeleteQuestServlet [ ] -
            Delete quest: missing questId by actorId=null
2025-09-12 22:03:55,464 WARN [main] DeleteQuestServlet [ ] -
            Delete quest: missing questId by actorId=null
2025-09-12 22:03:55,466 INFO [main] DeleteQuestServlet [ ] -
            Delete quest attempt questId=Q1 by actorId=admin1 isAdmin=true
2025-09-12 22:03:55,467 INFO [main] DeleteQuestServlet [ ] -
            Delete quest success questId=Q1 by actorId=admin1 questName='QuestName'
2025-09-12 22:03:55,467 INFO [main] DeleteQuestServlet [ ] -
            Owner notified about deletion ownerId=owner1 questId=Q1
2025-09-12 22:03:55,470 INFO [main] DeleteQuestServlet [ ] -
            Delete quest: anonymous user -> redirect to login
2025-09-12 22:03:55,473 INFO [main] DeleteQuestServlet [ ] -
            Delete quest attempt questId=Q3 by actorId=null isAdmin=false
2025-09-12 22:03:55,473 WARN [main] DeleteQuestServlet [ ] -
            Delete quest failed questId=Q3 by actorId=null reason='Cannot be deleted: not found or you are not the owner.'
2025-09-12 22:03:55,474 WARN [main] DeleteQuestServlet [ ] -
            Delete quest GET not allowed
2025-09-12 22:03:55,478 ERROR [main] DeleteQuestServlet [ ] -
            Init failed: QuestAuthoringService missing
java.lang.IllegalStateException: Context bean not found: authoringService
	at com.javarush.apalinskiy.web.util.Web.ctxBean(Web.java:204)
	at com.javarush.apalinskiy.web.util.Web.ctxBean(Web.java:200)
	at com.javarush.apalinskiy.web.servlet.DeleteQuestServlet.init(DeleteQuestServlet.java:36)
	at com.javarush.apalinskiy.web.servlet.DeleteQuestServletTest$Init.lambda$noAuthoring$0(DeleteQuestServletTest.java:108)
	at org.junit.jupiter.api.AssertThrows.assertThrows(AssertThrows.java:53)
	at org.junit.jupiter.api.AssertThrows.assertThrows(AssertThrows.java:35)
	at org.junit.jupiter.api.Assertions.assertThrows(Assertions.java:3115)
	at com.javarush.apalinskiy.web.servlet.DeleteQuestServletTest$Init.noAuthoring(DeleteQuestServletTest.java:106)
	at java.base/jdk.internal.reflect.DirectMethodHandleAccessor.invoke(DirectMethodHandleAccessor.java:103)
	at java.base/java.lang.reflect.Method.invoke(Method.java:580)
	at org.junit.platform.commons.util.ReflectionUtils.invokeMethod(ReflectionUtils.java:728)
	at org.junit.jupiter.engine.execution.MethodInvocation.proceed(MethodInvocation.java:60)
	at org.junit.jupiter.engine.execution.InvocationInterceptorChain$ValidatingInvocation.proceed(InvocationInterceptorChain.java:131)
	at org.junit.jupiter.engine.extension.TimeoutExtension.intercept(TimeoutExtension.java:156)
	at org.junit.jupiter.engine.extension.TimeoutExtension.interceptTestableMethod(TimeoutExtension.java:147)
	at org.junit.jupiter.engine.extension.TimeoutExtension.interceptTestMethod(TimeoutExtension.java:86)
	at org.junit.jupiter.engine.execution.InterceptingExecutableInvoker$ReflectiveInterceptorCall.lambda$ofVoidMethod$0(InterceptingExecutableInvoker.java:103)
	at org.junit.jupiter.engine.execution.InterceptingExecutableInvoker.lambda$invoke$0(InterceptingExecutableInvoker.java:93)
	at org.junit.jupiter.engine.execution.InvocationInterceptorChain$InterceptedInvocation.proceed(InvocationInterceptorChain.java:106)
	at org.junit.jupiter.engine.execution.InvocationInterceptorChain.proceed(InvocationInterceptorChain.java:64)
	at org.junit.jupiter.engine.execution.InvocationInterceptorChain.chainAndInvoke(InvocationInterceptorChain.java:45)
	at org.junit.jupiter.engine.execution.InvocationInterceptorChain.invoke(InvocationInterceptorChain.java:37)
	at org.junit.jupiter.engine.execution.InterceptingExecutableInvoker.invoke(InterceptingExecutableInvoker.java:92)
	at org.junit.jupiter.engine.execution.InterceptingExecutableInvoker.invoke(InterceptingExecutableInvoker.java:86)
	at org.junit.jupiter.engine.descriptor.TestMethodTestDescriptor.lambda$invokeTestMethod$7(TestMethodTestDescriptor.java:218)
	at org.junit.platform.engine.support.hierarchical.ThrowableCollector.execute(ThrowableCollector.java:73)
	at org.junit.jupiter.engine.descriptor.TestMethodTestDescriptor.invokeTestMethod(TestMethodTestDescriptor.java:214)
	at org.junit.jupiter.engine.descriptor.TestMethodTestDescriptor.execute(TestMethodTestDescriptor.java:139)
	at org.junit.jupiter.engine.descriptor.TestMethodTestDescriptor.execute(TestMethodTestDescriptor.java:69)
	at org.junit.platform.engine.support.hierarchical.NodeTestTask.lambda$executeRecursively$6(NodeTestTask.java:156)
	at org.junit.platform.engine.support.hierarchical.ThrowableCollector.execute(ThrowableCollector.java:73)
	at org.junit.platform.engine.support.hierarchical.NodeTestTask.lambda$executeRecursively$8(NodeTestTask.java:146)
	at org.junit.platform.engine.support.hierarchical.Node.around(Node.java:137)
	at org.junit.platform.engine.support.hierarchical.NodeTestTask.lambda$executeRecursively$9(NodeTestTask.java:144)
	at org.junit.platform.engine.support.hierarchical.ThrowableCollector.execute(ThrowableCollector.java:73)
	at org.junit.platform.engine.support.hierarchical.NodeTestTask.executeRecursively(NodeTestTask.java:143)
	at org.junit.platform.engine.support.hierarchical.NodeTestTask.execute(NodeTestTask.java:100)
	at java.base/java.util.ArrayList.forEach(ArrayList.java:1596)
	at org.junit.platform.engine.support.hierarchical.SameThreadHierarchicalTestExecutorService.invokeAll(SameThreadHierarchicalTestExecutorService.java:41)
	at org.junit.platform.engine.support.hierarchical.NodeTestTask.lambda$executeRecursively$6(NodeTestTask.java:160)
	at org.junit.platform.engine.support.hierarchical.ThrowableCollector.execute(ThrowableCollector.java:73)
	at org.junit.platform.engine.support.hierarchical.NodeTestTask.lambda$executeRecursively$8(NodeTestTask.java:146)
	at org.junit.platform.engine.support.hierarchical.Node.around(Node.java:137)
	at org.junit.platform.engine.support.hierarchical.NodeTestTask.lambda$executeRecursively$9(NodeTestTask.java:144)
	at org.junit.platform.engine.support.hierarchical.ThrowableCollector.execute(ThrowableCollector.java:73)
	at org.junit.platform.engine.support.hierarchical.NodeTestTask.executeRecursively(NodeTestTask.java:143)
	at org.junit.platform.engine.support.hierarchical.NodeTestTask.execute(NodeTestTask.java:100)
	at java.base/java.util.ArrayList.forEach(ArrayList.java:1596)
	at org.junit.platform.engine.support.hierarchical.SameThreadHierarchicalTestExecutorService.invokeAll(SameThreadHierarchicalTestExecutorService.java:41)
	at org.junit.platform.engine.support.hierarchical.NodeTestTask.lambda$executeRecursively$6(NodeTestTask.java:160)
	at org.junit.platform.engine.support.hierarchical.ThrowableCollector.execute(ThrowableCollector.java:73)
	at org.junit.platform.engine.support.hierarchical.NodeTestTask.lambda$executeRecursively$8(NodeTestTask.java:146)
	at org.junit.platform.engine.support.hierarchical.Node.around(Node.java:137)
	at org.junit.platform.engine.support.hierarchical.NodeTestTask.lambda$executeRecursively$9(NodeTestTask.java:144)
	at org.junit.platform.engine.support.hierarchical.ThrowableCollector.execute(ThrowableCollector.java:73)
	at org.junit.platform.engine.support.hierarchical.NodeTestTask.executeRecursively(NodeTestTask.java:143)
	at org.junit.platform.engine.support.hierarchical.NodeTestTask.execute(NodeTestTask.java:100)
	at java.base/java.util.ArrayList.forEach(ArrayList.java:1596)
	at org.junit.platform.engine.support.hierarchical.SameThreadHierarchicalTestExecutorService.invokeAll(SameThreadHierarchicalTestExecutorService.java:41)
	at org.junit.platform.engine.support.hierarchical.NodeTestTask.lambda$executeRecursively$6(NodeTestTask.java:160)
	at org.junit.platform.engine.support.hierarchical.ThrowableCollector.execute(ThrowableCollector.java:73)
	at org.junit.platform.engine.support.hierarchical.NodeTestTask.lambda$executeRecursively$8(NodeTestTask.java:146)
	at org.junit.platform.engine.support.hierarchical.Node.around(Node.java:137)
	at org.junit.platform.engine.support.hierarchical.NodeTestTask.lambda$executeRecursively$9(NodeTestTask.java:144)
	at org.junit.platform.engine.support.hierarchical.ThrowableCollector.execute(ThrowableCollector.java:73)
	at org.junit.platform.engine.support.hierarchical.NodeTestTask.executeRecursively(NodeTestTask.java:143)
	at org.junit.platform.engine.support.hierarchical.NodeTestTask.execute(NodeTestTask.java:100)
	at org.junit.platform.engine.support.hierarchical.SameThreadHierarchicalTestExecutorService.submit(SameThreadHierarchicalTestExecutorService.java:35)
	at org.junit.platform.engine.support.hierarchical.HierarchicalTestExecutor.execute(HierarchicalTestExecutor.java:57)
	at org.junit.platform.engine.support.hierarchical.HierarchicalTestEngine.execute(HierarchicalTestEngine.java:54)
	at org.junit.platform.launcher.core.EngineExecutionOrchestrator.execute(EngineExecutionOrchestrator.java:198)
	at org.junit.platform.launcher.core.EngineExecutionOrchestrator.execute(EngineExecutionOrchestrator.java:169)
	at org.junit.platform.launcher.core.EngineExecutionOrchestrator.execute(EngineExecutionOrchestrator.java:93)
	at org.junit.platform.launcher.core.EngineExecutionOrchestrator.lambda$execute$0(EngineExecutionOrchestrator.java:58)
	at org.junit.platform.launcher.core.EngineExecutionOrchestrator.withInterceptedStreams(EngineExecutionOrchestrator.java:141)
	at org.junit.platform.launcher.core.EngineExecutionOrchestrator.execute(EngineExecutionOrchestrator.java:57)
	at org.junit.platform.launcher.core.DefaultLauncher.execute(DefaultLauncher.java:103)
	at org.junit.platform.launcher.core.DefaultLauncher.execute(DefaultLauncher.java:85)
	at org.junit.platform.launcher.core.DelegatingLauncher.execute(DelegatingLauncher.java:47)
	at org.junit.platform.launcher.core.SessionPerRequestLauncher.execute(SessionPerRequestLauncher.java:63)
	at com.intellij.junit5.JUnit5IdeaTestRunner.startRunnerWithArgs(JUnit5IdeaTestRunner.java:57)
	at com.intellij.rt.junit.IdeaTestRunner$Repeater$1.execute(IdeaTestRunner.java:38)
	at com.intellij.rt.execution.junit.TestsRepeater.repeat(TestsRepeater.java:11)
	at com.intellij.rt.junit.IdeaTestRunner$Repeater.startRunnerWithArgs(IdeaTestRunner.java:35)
	at com.intellij.rt.junit.JUnitStarter.prepareStreamsAndStart(JUnitStarter.java:231)
	at com.intellij.rt.junit.JUnitStarter.main(JUnitStarter.java:55)
2025-09-12 22:03:55,480 DEBUG [main] DeleteQuestServlet [ ] -
            DeleteQuestServlet initialized: authoring=QuestAuthoringService, notifications=NotificationService$MockitoMock$RuHxTYL7, users=UserService$MockitoMock$GcC6XxzJ
2025-09-12 22:03:55,532 WARN [main] HomeServlet [ ] -
            POST not allowed on home uri=null
2025-09-12 22:03:55,534 WARN [main] HomeServlet [ ] -
            Not found uri=/app/abc rest=/abc
2025-09-12 22:03:55,536 DEBUG [main] HomeServlet [ ] -
            Home page requested uri=/app/
2025-09-12 22:03:55,540 DEBUG [main] HomeServlet [ ] -
            Home page requested uri=/app
2025-09-12 22:03:55,598 DEBUG [main] QuestAuthoringService [ ] -
            Draft built nodes=2 startId=1 version=sha256:2721d93dd0181d941323564c63325a5c0165f30cee0b361faa0107a1cd7998b9
2025-09-12 22:03:55,599 INFO [main] QuestAuthoringService [ ] -
            Quest published owner=owner name='A' nodes=2 startId=1 version=sha256:2721d93dd0181d941323564c63325a5c0165f30cee0b361faa0107a1cd7998b9
2025-09-12 22:03:55,601 DEBUG [main] QuestAuthoringService [ ] -
            Draft built nodes=2 startId=1 version=sha256:2721d93dd0181d941323564c63325a5c0165f30cee0b361faa0107a1cd7998b9
2025-09-12 22:03:55,601 INFO [main] QuestAuthoringService [ ] -
            Quest published owner=owner name='B' nodes=2 startId=1 version=sha256:2721d93dd0181d941323564c63325a5c0165f30cee0b361faa0107a1cd7998b9
2025-09-12 22:03:55,606 DEBUG [main] QuestAuthoringService [ ] -
            Draft built nodes=2 startId=1 version=sha256:2721d93dd0181d941323564c63325a5c0165f30cee0b361faa0107a1cd7998b9
2025-09-12 22:03:55,606 INFO [main] QuestAuthoringService [ ] -
            Quest published owner=owner name='First' nodes=2 startId=1 version=sha256:2721d93dd0181d941323564c63325a5c0165f30cee0b361faa0107a1cd7998b9
2025-09-12 22:03:55,615 DEBUG [main] QuestAuthoringService [ ] -
            Draft built nodes=2 startId=1 version=sha256:2f0807d2772f1afba9d68598f537aaae077ab774f1b14129dce11e425e96d081
2025-09-12 22:03:55,615 INFO [main] QuestAuthoringService [ ] -
            Quest published owner=owner name='Second' nodes=2 startId=1 version=sha256:2f0807d2772f1afba9d68598f537aaae077ab774f1b14129dce11e425e96d081
2025-09-12 22:03:55,620 WARN [main] QuestAuthoringService [ ] -
            computeVersion failed, returning 'sha256:unknown'
java.lang.RuntimeException: boom
	at com.javarush.apalinskiy.domain.quest.QuestNode.getText(QuestNode.java:17)
	at com.javarush.apalinskiy.service.quest.QuestAuthoringService.lambda$computeVersion$5(QuestAuthoringService.java:231)
	at java.base/java.util.stream.ForEachOps$ForEachOp$OfRef.accept(ForEachOps.java:184)
	at java.base/java.util.stream.SortedOps$SizedRefSortingSink.end(SortedOps.java:357)
	at java.base/java.util.stream.AbstractPipeline.copyInto(AbstractPipeline.java:510)
	at java.base/java.util.stream.AbstractPipeline.wrapAndCopyInto(AbstractPipeline.java:499)
	at java.base/java.util.stream.ForEachOps$ForEachOp.evaluateSequential(ForEachOps.java:151)
	at java.base/java.util.stream.ForEachOps$ForEachOp$OfRef.evaluateSequential(ForEachOps.java:174)
	at java.base/java.util.stream.AbstractPipeline.evaluate(AbstractPipeline.java:234)
	at java.base/java.util.stream.ReferencePipeline.forEach(ReferencePipeline.java:596)
	at com.javarush.apalinskiy.service.quest.QuestAuthoringService.computeVersion(QuestAuthoringService.java:228)
	at com.javarush.apalinskiy.service.quest.QuestAuthoringService.buildDraftOrThrow(QuestAuthoringService.java:266)
	at com.javarush.apalinskiy.service.quest.QuestAuthoringService.publishNew(QuestAuthoringService.java:92)
	at com.javarush.apalinskiy.service.quest.QuestAuthoringServiceTest$Versioning.errorPathReturnsUnknown(QuestAuthoringServiceTest.java:570)
	at java.base/jdk.internal.reflect.DirectMethodHandleAccessor.invoke(DirectMethodHandleAccessor.java:103)
	at java.base/java.lang.reflect.Method.invoke(Method.java:580)
	at org.junit.platform.commons.util.ReflectionUtils.invokeMethod(ReflectionUtils.java:728)
	at org.junit.jupiter.engine.execution.MethodInvocation.proceed(MethodInvocation.java:60)
	at org.junit.jupiter.engine.execution.InvocationInterceptorChain$ValidatingInvocation.proceed(InvocationInterceptorChain.java:131)
	at org.junit.jupiter.engine.extension.TimeoutExtension.intercept(TimeoutExtension.java:156)
	at org.junit.jupiter.engine.extension.TimeoutExtension.interceptTestableMethod(TimeoutExtension.java:147)
	at org.junit.jupiter.engine.extension.TimeoutExtension.interceptTestMethod(TimeoutExtension.java:86)
	at org.junit.jupiter.engine.execution.InterceptingExecutableInvoker$ReflectiveInterceptorCall.lambda$ofVoidMethod$0(InterceptingExecutableInvoker.java:103)
	at org.junit.jupiter.engine.execution.InterceptingExecutableInvoker.lambda$invoke$0(InterceptingExecutableInvoker.java:93)
	at org.junit.jupiter.engine.execution.InvocationInterceptorChain$InterceptedInvocation.proceed(InvocationInterceptorChain.java:106)
	at org.junit.jupiter.engine.execution.InvocationInterceptorChain.proceed(InvocationInterceptorChain.java:64)
	at org.junit.jupiter.engine.execution.InvocationInterceptorChain.chainAndInvoke(InvocationInterceptorChain.java:45)
	at org.junit.jupiter.engine.execution.InvocationInterceptorChain.invoke(InvocationInterceptorChain.java:37)
	at org.junit.jupiter.engine.execution.InterceptingExecutableInvoker.invoke(InterceptingExecutableInvoker.java:92)
	at org.junit.jupiter.engine.execution.InterceptingExecutableInvoker.invoke(InterceptingExecutableInvoker.java:86)
	at org.junit.jupiter.engine.descriptor.TestMethodTestDescriptor.lambda$invokeTestMethod$7(TestMethodTestDescriptor.java:218)
	at org.junit.platform.engine.support.hierarchical.ThrowableCollector.execute(ThrowableCollector.java:73)
	at org.junit.jupiter.engine.descriptor.TestMethodTestDescriptor.invokeTestMethod(TestMethodTestDescriptor.java:214)
	at org.junit.jupiter.engine.descriptor.TestMethodTestDescriptor.execute(TestMethodTestDescriptor.java:139)
	at org.junit.jupiter.engine.descriptor.TestMethodTestDescriptor.execute(TestMethodTestDescriptor.java:69)
	at org.junit.platform.engine.support.hierarchical.NodeTestTask.lambda$executeRecursively$6(NodeTestTask.java:156)
	at org.junit.platform.engine.support.hierarchical.ThrowableCollector.execute(ThrowableCollector.java:73)
	at org.junit.platform.engine.support.hierarchical.NodeTestTask.lambda$executeRecursively$8(NodeTestTask.java:146)
	at org.junit.platform.engine.support.hierarchical.Node.around(Node.java:137)
	at org.junit.platform.engine.support.hierarchical.NodeTestTask.lambda$executeRecursively$9(NodeTestTask.java:144)
	at org.junit.platform.engine.support.hierarchical.ThrowableCollector.execute(ThrowableCollector.java:73)
	at org.junit.platform.engine.support.hierarchical.NodeTestTask.executeRecursively(NodeTestTask.java:143)
	at org.junit.platform.engine.support.hierarchical.NodeTestTask.execute(NodeTestTask.java:100)
	at java.base/java.util.ArrayList.forEach(ArrayList.java:1596)
	at org.junit.platform.engine.support.hierarchical.SameThreadHierarchicalTestExecutorService.invokeAll(SameThreadHierarchicalTestExecutorService.java:41)
	at org.junit.platform.engine.support.hierarchical.NodeTestTask.lambda$executeRecursively$6(NodeTestTask.java:160)
	at org.junit.platform.engine.support.hierarchical.ThrowableCollector.execute(ThrowableCollector.java:73)
	at org.junit.platform.engine.support.hierarchical.NodeTestTask.lambda$executeRecursively$8(NodeTestTask.java:146)
	at org.junit.platform.engine.support.hierarchical.Node.around(Node.java:137)
	at org.junit.platform.engine.support.hierarchical.NodeTestTask.lambda$executeRecursively$9(NodeTestTask.java:144)
	at org.junit.platform.engine.support.hierarchical.ThrowableCollector.execute(ThrowableCollector.java:73)
	at org.junit.platform.engine.support.hierarchical.NodeTestTask.executeRecursively(NodeTestTask.java:143)
	at org.junit.platform.engine.support.hierarchical.NodeTestTask.execute(NodeTestTask.java:100)
	at java.base/java.util.ArrayList.forEach(ArrayList.java:1596)
	at org.junit.platform.engine.support.hierarchical.SameThreadHierarchicalTestExecutorService.invokeAll(SameThreadHierarchicalTestExecutorService.java:41)
	at org.junit.platform.engine.support.hierarchical.NodeTestTask.lambda$executeRecursively$6(NodeTestTask.java:160)
	at org.junit.platform.engine.support.hierarchical.ThrowableCollector.execute(ThrowableCollector.java:73)
	at org.junit.platform.engine.support.hierarchical.NodeTestTask.lambda$executeRecursively$8(NodeTestTask.java:146)
	at org.junit.platform.engine.support.hierarchical.Node.around(Node.java:137)
	at org.junit.platform.engine.support.hierarchical.NodeTestTask.lambda$executeRecursively$9(NodeTestTask.java:144)
	at org.junit.platform.engine.support.hierarchical.ThrowableCollector.execute(ThrowableCollector.java:73)
	at org.junit.platform.engine.support.hierarchical.NodeTestTask.executeRecursively(NodeTestTask.java:143)
	at org.junit.platform.engine.support.hierarchical.NodeTestTask.execute(NodeTestTask.java:100)
	at java.base/java.util.ArrayList.forEach(ArrayList.java:1596)
	at org.junit.platform.engine.support.hierarchical.SameThreadHierarchicalTestExecutorService.invokeAll(SameThreadHierarchicalTestExecutorService.java:41)
	at org.junit.platform.engine.support.hierarchical.NodeTestTask.lambda$executeRecursively$6(NodeTestTask.java:160)
	at org.junit.platform.engine.support.hierarchical.ThrowableCollector.execute(ThrowableCollector.java:73)
	at org.junit.platform.engine.support.hierarchical.NodeTestTask.lambda$executeRecursively$8(NodeTestTask.java:146)
	at org.junit.platform.engine.support.hierarchical.Node.around(Node.java:137)
	at org.junit.platform.engine.support.hierarchical.NodeTestTask.lambda$executeRecursively$9(NodeTestTask.java:144)
	at org.junit.platform.engine.support.hierarchical.ThrowableCollector.execute(ThrowableCollector.java:73)
	at org.junit.platform.engine.support.hierarchical.NodeTestTask.executeRecursively(NodeTestTask.java:143)
	at org.junit.platform.engine.support.hierarchical.NodeTestTask.execute(NodeTestTask.java:100)
	at org.junit.platform.engine.support.hierarchical.SameThreadHierarchicalTestExecutorService.submit(SameThreadHierarchicalTestExecutorService.java:35)
	at org.junit.platform.engine.support.hierarchical.HierarchicalTestExecutor.execute(HierarchicalTestExecutor.java:57)
	at org.junit.platform.engine.support.hierarchical.HierarchicalTestEngine.execute(HierarchicalTestEngine.java:54)
	at org.junit.platform.launcher.core.EngineExecutionOrchestrator.execute(EngineExecutionOrchestrator.java:198)
	at org.junit.platform.launcher.core.EngineExecutionOrchestrator.execute(EngineExecutionOrchestrator.java:169)
	at org.junit.platform.launcher.core.EngineExecutionOrchestrator.execute(EngineExecutionOrchestrator.java:93)
	at org.junit.platform.launcher.core.EngineExecutionOrchestrator.lambda$execute$0(EngineExecutionOrchestrator.java:58)
	at org.junit.platform.launcher.core.EngineExecutionOrchestrator.withInterceptedStreams(EngineExecutionOrchestrator.java:141)
	at org.junit.platform.launcher.core.EngineExecutionOrchestrator.execute(EngineExecutionOrchestrator.java:57)
	at org.junit.platform.launcher.core.DefaultLauncher.execute(DefaultLauncher.java:103)
	at org.junit.platform.launcher.core.DefaultLauncher.execute(DefaultLauncher.java:85)
	at org.junit.platform.launcher.core.DelegatingLauncher.execute(DelegatingLauncher.java:47)
	at org.junit.platform.launcher.core.SessionPerRequestLauncher.execute(SessionPerRequestLauncher.java:63)
	at com.intellij.junit5.JUnit5IdeaTestRunner.startRunnerWithArgs(JUnit5IdeaTestRunner.java:57)
	at com.intellij.rt.junit.IdeaTestRunner$Repeater$1.execute(IdeaTestRunner.java:38)
	at com.intellij.rt.execution.junit.TestsRepeater.repeat(TestsRepeater.java:11)
	at com.intellij.rt.junit.IdeaTestRunner$Repeater.startRunnerWithArgs(IdeaTestRunner.java:35)
	at com.intellij.rt.junit.JUnitStarter.prepareStreamsAndStart(JUnitStarter.java:231)
	at com.intellij.rt.junit.JUnitStarter.main(JUnitStarter.java:55)
2025-09-12 22:03:55,620 DEBUG [main] QuestAuthoringService [ ] -
            Draft built nodes=2 startId=1 version=sha256:unknown
2025-09-12 22:03:55,621 INFO [main] QuestAuthoringService [ ] -
            Quest published owner=owner name='Err' nodes=2 startId=1 version=sha256:unknown
2025-09-12 22:03:55,623 DEBUG [main] QuestAuthoringService [ ] -
            listPendingNew size=0
2025-09-12 22:03:55,625 DEBUG [main] QuestAuthoringService [ ] -
            listPendingEdits size=0
2025-09-12 22:03:55,626 INFO [main] QuestAuthoringService [ ] -
            Rejected EDIT questId=qid
2025-09-12 22:03:55,628 INFO [main] QuestAuthoringService [ ] -
            Approved NEW pendingId=pid -> questId=qid
2025-09-12 22:03:55,630 INFO [main] QuestAuthoringService [ ] -
            Approved EDIT questId=qid
2025-09-12 22:03:55,632 INFO [main] QuestAuthoringService [ ] -
            Rejected NEW pendingId=pid
2025-09-12 22:03:55,643 DEBUG [main] QuestAuthoringService [ ] -
            listAllFromCatalog size=0
2025-09-12 22:03:55,644 DEBUG [main] QuestAuthoringService [ ] -
            listOwnerFromCatalog owner=bob size=0
2025-09-12 22:03:55,645 WARN [main] QuestAuthoringService [ ] -
            Delete by admin skipped questId=Q2 (not found)
2025-09-12 22:03:55,646 INFO [main] QuestAuthoringService [ ] -
            Quest deleted by owner questId=Q owner=alice
2025-09-12 22:03:55,649 WARN [main] QuestAuthoringService [ ] -
            updateExisting failed: quest not found questId=missing
2025-09-12 22:03:55,651 DEBUG [main] QuestAuthoringService [ ] -
            Draft built nodes=1 startId=1 version=sha256:952902e57dea1c3aff7ce3610932f187bbff1eb625454e4187efa03aa01abfb8
2025-09-12 22:03:55,651 INFO [main] QuestAuthoringService [ ] -
            Quest edit staged questId=Q nodes=1 startId=1 version=sha256:952902e57dea1c3aff7ce3610932f187bbff1eb625454e4187efa03aa01abfb8
2025-09-12 22:03:55,653 DEBUG [main] QuestAuthoringService [ ] -
            Draft built nodes=1 startId=1 version=sha256:952902e57dea1c3aff7ce3610932f187bbff1eb625454e4187efa03aa01abfb8
2025-09-12 22:03:55,653 INFO [main] QuestAuthoringService [ ] -
            Quest updated by admin questId=Q nodes=1 startId=1 version=sha256:952902e57dea1c3aff7ce3610932f187bbff1eb625454e4187efa03aa01abfb8
2025-09-12 22:03:55,655 DEBUG [main] QuestAuthoringService [ ] -
            Draft built nodes=2 startId=1 version=sha256:2721d93dd0181d941323564c63325a5c0165f30cee0b361faa0107a1cd7998b9
2025-09-12 22:03:55,655 INFO [main] QuestAuthoringService [ ] -
            Quest submitted for moderation owner=ownerX name='Untitled Quest' nodes=2 startId=1 version=sha256:2721d93dd0181d941323564c63325a5c0165f30cee0b361faa0107a1cd7998b9
2025-09-12 22:03:55,658 DEBUG [main] QuestAuthoringService [ ] -
            Draft built nodes=2 startId=1 version=sha256:2721d93dd0181d941323564c63325a5c0165f30cee0b361faa0107a1cd7998b9
2025-09-12 22:03:55,658 INFO [main] QuestAuthoringService [ ] -
            Quest published owner=alice name='Quest X' nodes=2 startId=1 version=sha256:2721d93dd0181d941323564c63325a5c0165f30cee0b361faa0107a1cd7998b9
2025-09-12 22:03:55,662 WARN [main] QuestAuthoringService [ ] -
            Draft validation failed errors=At least one final node is required. Node #2 must have at least one option.
2025-09-12 22:03:55,665 DEBUG [main] QuestAuthoringService [ ] -
            Draft built nodes=2 startId=1 version=sha256:2721d93dd0181d941323564c63325a5c0165f30cee0b361faa0107a1cd7998b9
2025-09-12 22:03:55,665 INFO [main] QuestAuthoringService [ ] -
            Quest published owner=owner1 name='Untitled Quest' nodes=2 startId=1 version=sha256:2721d93dd0181d941323564c63325a5c0165f30cee0b361faa0107a1cd7998b9
2025-09-12 22:03:55,667 WARN [main] QuestAuthoringService [ ] -
            loadToEditor failed: quest not found questId=missing
2025-09-12 22:03:55,668 INFO [main] QuestAuthoringService [ ] -
            Editor loaded questId=Q1 name='null' nodes=1 startId=1
2025-09-12 22:03:55,671 DEBUG [main] QuestAuthoringService [ ] -
            saveNode id=0
2025-09-12 22:03:55,671 DEBUG [main] QuestAuthoringService [ ] -
            setStart startId=5
2025-09-12 22:03:55,671 DEBUG [main] QuestAuthoringService [ ] -
            deleteNode id=7 ok=true
2025-09-12 22:03:55,671 DEBUG [main] QuestAuthoringService [ ] -
            clearEditorDraft done
2025-09-12 22:03:55,714 DEBUG [main] InMemoryNotificationRepository [ ] -
            Saved notification id=a userId=u
2025-09-12 22:03:55,715 DEBUG [main] InMemoryNotificationRepository [ ] -
            Unread count userId=u count=0
2025-09-12 22:03:55,717 DEBUG [main] InMemoryNotificationRepository [ ] -
            Saved notification id=a userId=u
2025-09-12 22:03:55,717 DEBUG [main] InMemoryNotificationRepository [ ] -
            Saved notification id=b userId=u
2025-09-12 22:03:55,717 DEBUG [main] InMemoryNotificationRepository [ ] -
            Notification marked read userId=u id=a
2025-09-12 22:03:55,717 DEBUG [main] InMemoryNotificationRepository [ ] -
            Unread count userId=u count=1
2025-09-12 22:03:55,717 DEBUG [main] InMemoryNotificationRepository [ ] -
            Saved notification id=u1 userId=u
2025-09-12 22:03:55,717 DEBUG [main] InMemoryNotificationRepository [ ] -
            Saved notification id=r1 userId=u
2025-09-12 22:03:55,718 DEBUG [main] InMemoryNotificationRepository [ ] -
            All notifications marked as read userId=u size=2
2025-09-12 22:03:55,719 DEBUG [main] InMemoryNotificationRepository [ ] -
            Listed notifications userId=u size=2 limit=10 offset=0
2025-09-12 22:03:55,720 DEBUG [main] InMemoryNotificationRepository [ ] -
            Listed notifications userId=u size=2 limit=10 offset=0
2025-09-12 22:03:55,721 DEBUG [main] InMemoryNotificationRepository [ ] -
            Listed notifications userId=u size=2 limit=10 offset=0
2025-09-12 22:03:55,721 DEBUG [main] InMemoryNotificationRepository [ ] -
            Unread count userId=u count=0
2025-09-12 22:03:55,722 DEBUG [main] InMemoryNotificationRepository [ ] -
            Saved notification id=a userId=u
2025-09-12 22:03:55,722 WARN [main] InMemoryNotificationRepository [ ] -
            markRead called but notification not found userId=u id=zzz
2025-09-12 22:03:55,722 DEBUG [main] InMemoryNotificationRepository [ ] -
            Unread count userId=u count=1
2025-09-12 22:03:55,723 DEBUG [main] InMemoryNotificationRepository [ ] -
            Saved notification id=a userId=u
2025-09-12 22:03:55,723 DEBUG [main] InMemoryNotificationRepository [ ] -
            Cleared all notifications userId=u
2025-09-12 22:03:55,724 DEBUG [main] InMemoryNotificationRepository [ ] -
            Listed notifications userId=u size=0 limit=10 offset=0
2025-09-12 22:03:55,724 DEBUG [main] InMemoryNotificationRepository [ ] -
            Unread count userId=u count=0
2025-09-12 22:03:55,725 DEBUG [main] InMemoryNotificationRepository [ ] -
            Saved notification id=a userId=u
2025-09-12 22:03:55,725 DEBUG [main] InMemoryNotificationRepository [ ] -
            Saved notification id=b userId=u
2025-09-12 22:03:55,725 DEBUG [main] InMemoryNotificationRepository [ ] -
            All notifications marked as read userId=u size=2
2025-09-12 22:03:55,725 DEBUG [main] InMemoryNotificationRepository [ ] -
            Unread count userId=u count=0
2025-09-12 22:03:55,727 DEBUG [main] InMemoryNotificationRepository [ ] -
            Saved notification id=a userId=u
2025-09-12 22:03:55,727 DEBUG [main] InMemoryNotificationRepository [ ] -
            Saved notification id=b userId=u
2025-09-12 22:03:55,727 DEBUG [main] InMemoryNotificationRepository [ ] -
            Saved notification id=c userId=u
2025-09-12 22:03:55,727 DEBUG [main] InMemoryNotificationRepository [ ] -
            Unread count userId=u count=2
2025-09-12 22:03:55,728 DEBUG [main] InMemoryNotificationRepository [ ] -
            Unread count userId=nouser count=0
2025-09-12 22:03:55,729 DEBUG [main] InMemoryNotificationRepository [ ] -
            Saved notification id=a1 userId=u1
2025-09-12 22:03:55,729 DEBUG [main] InMemoryNotificationRepository [ ] -
            Saved notification id=a2 userId=u2
2025-09-12 22:03:55,729 DEBUG [main] InMemoryNotificationRepository [ ] -
            Listed notifications userId=u1 size=1 limit=10 offset=0
2025-09-12 22:03:55,730 DEBUG [main] InMemoryNotificationRepository [ ] -
            Saved notification id=n1 userId=u1
2025-09-12 22:03:55,730 DEBUG [main] InMemoryNotificationRepository [ ] -
            Saved notification id=n2 userId=u1
2025-09-12 22:03:55,730 DEBUG [main] InMemoryNotificationRepository [ ] -
            Saved notification id=n3 userId=u1
2025-09-12 22:03:55,730 DEBUG [main] InMemoryNotificationRepository [ ] -
            Listed notifications userId=u1 size=3 limit=10 offset=0
2025-09-12 22:03:55,731 DEBUG [main] InMemoryNotificationRepository [ ] -
            Saved notification id=same userId=u
2025-09-12 22:03:55,731 DEBUG [main] InMemoryNotificationRepository [ ] -
            Saved notification id=same userId=u
2025-09-12 22:03:55,731 DEBUG [main] InMemoryNotificationRepository [ ] -
            Listed notifications userId=u size=1 limit=10 offset=0
2025-09-12 22:03:55,731 DEBUG [main] InMemoryNotificationRepository [ ] -
            Saved notification id=n1 userId=u
2025-09-12 22:03:55,731 DEBUG [main] InMemoryNotificationRepository [ ] -
            Saved notification id=n2 userId=u
2025-09-12 22:03:55,731 DEBUG [main] InMemoryNotificationRepository [ ] -
            Saved notification id=n3 userId=u
2025-09-12 22:03:55,731 DEBUG [main] InMemoryNotificationRepository [ ] -
            Listed notifications userId=u size=2 limit=2 offset=1
2025-09-12 22:03:55,732 DEBUG [main] InMemoryNotificationRepository [ ] -
            Saved notification id=x1 userId=u
2025-09-12 22:03:55,732 DEBUG [main] InMemoryNotificationRepository [ ] -
            Saved notification id=x2 userId=u
2025-09-12 22:03:55,733 DEBUG [main] InMemoryNotificationRepository [ ] -
            Listed notifications userId=u size=2 limit=0 offset=0
2025-09-12 22:03:55,736 DEBUG [main] AdminUserEditServlet [ ] -
            AdminUserEditServlet initialized
2025-09-12 22:03:55,769 WARN [main] AdminUserEditServlet [ ] -
            POST user edit: duplicate login id=u1 login='l'
2025-09-12 22:03:55,773 WARN [main] AdminUserEditServlet [ ] -
            POST user edit: invalid input or user not found id=u1 msg=not found
2025-09-12 22:03:55,779 WARN [main] AdminUserEditServlet [ ] -
            POST user edit: invalid input or user not found id=u1 msg=bad args
2025-09-12 22:03:55,785 INFO [main] AdminUserEditServlet [ ] -
            POST user edit: updated by=admin targetId=u1 role=null login='null' name='null' pwdChanged=false
2025-09-12 22:03:55,794 INFO [main] AdminUserEditServlet [ ] -
            POST user edit: updated by=u1 targetId=u1 role=null login='null' name='null' pwdChanged=false
2025-09-12 22:03:55,801 DEBUG [main] AdminUserEditServlet [ ] -
            Session renewed after self-update userId=u1
2025-09-12 22:03:55,801 INFO [main] AdminUserEditServlet [ ] -
            POST user edit: updated by=u1 targetId=u1 role=null login='null' name='null' pwdChanged=false
2025-09-12 22:03:55,806 WARN [main] AdminUserEditServlet [ ] -
            POST user edit: missing id
2025-09-12 22:03:55,811 INFO [main] AdminUserEditServlet [ ] -
            GET user edit opened targetId=null login='null'
2025-09-12 22:03:55,816 WARN [main] AdminUserEditServlet [ ] -
            GET user edit: target not found id=u1
2025-09-12 22:03:55,819 WARN [main] AdminUserEditServlet [ ] -
            GET user edit: missing id
2025-09-12 22:03:55,833 DEBUG [main] BaseSaveServlet [ ] -
            resolveQuestName questId=custom -> 'Shown Name'
2025-09-12 22:03:55,835 ERROR [main] BaseSaveServlet [ ] -
            BaseSaveServlet init failed: Context bean not found: questService
java.lang.IllegalStateException: Context bean not found: questService
	at com.javarush.apalinskiy.web.util.Web.ctxBean(Web.java:204)
	at com.javarush.apalinskiy.web.servlet.BaseSaveServlet.init(BaseSaveServlet.java:40)
	at com.javarush.apalinskiy.web.servlet.BaseSaveServletTest$Init.lambda$init_missing_required$0(BaseSaveServletTest.java:98)
	at org.junit.jupiter.api.AssertThrows.assertThrows(AssertThrows.java:53)
	at org.junit.jupiter.api.AssertThrows.assertThrows(AssertThrows.java:35)
	at org.junit.jupiter.api.Assertions.assertThrows(Assertions.java:3115)
	at com.javarush.apalinskiy.web.servlet.BaseSaveServletTest$Init.init_missing_required(BaseSaveServletTest.java:98)
	at java.base/jdk.internal.reflect.DirectMethodHandleAccessor.invoke(DirectMethodHandleAccessor.java:103)
	at java.base/java.lang.reflect.Method.invoke(Method.java:580)
	at org.junit.platform.commons.util.ReflectionUtils.invokeMethod(ReflectionUtils.java:728)
	at org.junit.jupiter.engine.execution.MethodInvocation.proceed(MethodInvocation.java:60)
	at org.junit.jupiter.engine.execution.InvocationInterceptorChain$ValidatingInvocation.proceed(InvocationInterceptorChain.java:131)
	at org.junit.jupiter.engine.extension.TimeoutExtension.intercept(TimeoutExtension.java:156)
	at org.junit.jupiter.engine.extension.TimeoutExtension.interceptTestableMethod(TimeoutExtension.java:147)
	at org.junit.jupiter.engine.extension.TimeoutExtension.interceptTestMethod(TimeoutExtension.java:86)
	at org.junit.jupiter.engine.execution.InterceptingExecutableInvoker$ReflectiveInterceptorCall.lambda$ofVoidMethod$0(InterceptingExecutableInvoker.java:103)
	at org.junit.jupiter.engine.execution.InterceptingExecutableInvoker.lambda$invoke$0(InterceptingExecutableInvoker.java:93)
	at org.junit.jupiter.engine.execution.InvocationInterceptorChain$InterceptedInvocation.proceed(InvocationInterceptorChain.java:106)
	at org.junit.jupiter.engine.execution.InvocationInterceptorChain.proceed(InvocationInterceptorChain.java:64)
	at org.junit.jupiter.engine.execution.InvocationInterceptorChain.chainAndInvoke(InvocationInterceptorChain.java:45)
	at org.junit.jupiter.engine.execution.InvocationInterceptorChain.invoke(InvocationInterceptorChain.java:37)
	at org.junit.jupiter.engine.execution.InterceptingExecutableInvoker.invoke(InterceptingExecutableInvoker.java:92)
	at org.junit.jupiter.engine.execution.InterceptingExecutableInvoker.invoke(InterceptingExecutableInvoker.java:86)
	at org.junit.jupiter.engine.descriptor.TestMethodTestDescriptor.lambda$invokeTestMethod$7(TestMethodTestDescriptor.java:218)
	at org.junit.platform.engine.support.hierarchical.ThrowableCollector.execute(ThrowableCollector.java:73)
	at org.junit.jupiter.engine.descriptor.TestMethodTestDescriptor.invokeTestMethod(TestMethodTestDescriptor.java:214)
	at org.junit.jupiter.engine.descriptor.TestMethodTestDescriptor.execute(TestMethodTestDescriptor.java:139)
	at org.junit.jupiter.engine.descriptor.TestMethodTestDescriptor.execute(TestMethodTestDescriptor.java:69)
	at org.junit.platform.engine.support.hierarchical.NodeTestTask.lambda$executeRecursively$6(NodeTestTask.java:156)
	at org.junit.platform.engine.support.hierarchical.ThrowableCollector.execute(ThrowableCollector.java:73)
	at org.junit.platform.engine.support.hierarchical.NodeTestTask.lambda$executeRecursively$8(NodeTestTask.java:146)
	at org.junit.platform.engine.support.hierarchical.Node.around(Node.java:137)
	at org.junit.platform.engine.support.hierarchical.NodeTestTask.lambda$executeRecursively$9(NodeTestTask.java:144)
	at org.junit.platform.engine.support.hierarchical.ThrowableCollector.execute(ThrowableCollector.java:73)
	at org.junit.platform.engine.support.hierarchical.NodeTestTask.executeRecursively(NodeTestTask.java:143)
	at org.junit.platform.engine.support.hierarchical.NodeTestTask.execute(NodeTestTask.java:100)
	at java.base/java.util.ArrayList.forEach(ArrayList.java:1596)
	at org.junit.platform.engine.support.hierarchical.SameThreadHierarchicalTestExecutorService.invokeAll(SameThreadHierarchicalTestExecutorService.java:41)
	at org.junit.platform.engine.support.hierarchical.NodeTestTask.lambda$executeRecursively$6(NodeTestTask.java:160)
	at org.junit.platform.engine.support.hierarchical.ThrowableCollector.execute(ThrowableCollector.java:73)
	at org.junit.platform.engine.support.hierarchical.NodeTestTask.lambda$executeRecursively$8(NodeTestTask.java:146)
	at org.junit.platform.engine.support.hierarchical.Node.around(Node.java:137)
	at org.junit.platform.engine.support.hierarchical.NodeTestTask.lambda$executeRecursively$9(NodeTestTask.java:144)
	at org.junit.platform.engine.support.hierarchical.ThrowableCollector.execute(ThrowableCollector.java:73)
	at org.junit.platform.engine.support.hierarchical.NodeTestTask.executeRecursively(NodeTestTask.java:143)
	at org.junit.platform.engine.support.hierarchical.NodeTestTask.execute(NodeTestTask.java:100)
	at java.base/java.util.ArrayList.forEach(ArrayList.java:1596)
	at org.junit.platform.engine.support.hierarchical.SameThreadHierarchicalTestExecutorService.invokeAll(SameThreadHierarchicalTestExecutorService.java:41)
	at org.junit.platform.engine.support.hierarchical.NodeTestTask.lambda$executeRecursively$6(NodeTestTask.java:160)
	at org.junit.platform.engine.support.hierarchical.ThrowableCollector.execute(ThrowableCollector.java:73)
	at org.junit.platform.engine.support.hierarchical.NodeTestTask.lambda$executeRecursively$8(NodeTestTask.java:146)
	at org.junit.platform.engine.support.hierarchical.Node.around(Node.java:137)
	at org.junit.platform.engine.support.hierarchical.NodeTestTask.lambda$executeRecursively$9(NodeTestTask.java:144)
	at org.junit.platform.engine.support.hierarchical.ThrowableCollector.execute(ThrowableCollector.java:73)
	at org.junit.platform.engine.support.hierarchical.NodeTestTask.executeRecursively(NodeTestTask.java:143)
	at org.junit.platform.engine.support.hierarchical.NodeTestTask.execute(NodeTestTask.java:100)
	at java.base/java.util.ArrayList.forEach(ArrayList.java:1596)
	at org.junit.platform.engine.support.hierarchical.SameThreadHierarchicalTestExecutorService.invokeAll(SameThreadHierarchicalTestExecutorService.java:41)
	at org.junit.platform.engine.support.hierarchical.NodeTestTask.lambda$executeRecursively$6(NodeTestTask.java:160)
	at org.junit.platform.engine.support.hierarchical.ThrowableCollector.execute(ThrowableCollector.java:73)
	at org.junit.platform.engine.support.hierarchical.NodeTestTask.lambda$executeRecursively$8(NodeTestTask.java:146)
	at org.junit.platform.engine.support.hierarchical.Node.around(Node.java:137)
	at org.junit.platform.engine.support.hierarchical.NodeTestTask.lambda$executeRecursively$9(NodeTestTask.java:144)
	at org.junit.platform.engine.support.hierarchical.ThrowableCollector.execute(ThrowableCollector.java:73)
	at org.junit.platform.engine.support.hierarchical.NodeTestTask.executeRecursively(NodeTestTask.java:143)
	at org.junit.platform.engine.support.hierarchical.NodeTestTask.execute(NodeTestTask.java:100)
	at org.junit.platform.engine.support.hierarchical.SameThreadHierarchicalTestExecutorService.submit(SameThreadHierarchicalTestExecutorService.java:35)
	at org.junit.platform.engine.support.hierarchical.HierarchicalTestExecutor.execute(HierarchicalTestExecutor.java:57)
	at org.junit.platform.engine.support.hierarchical.HierarchicalTestEngine.execute(HierarchicalTestEngine.java:54)
	at org.junit.platform.launcher.core.EngineExecutionOrchestrator.execute(EngineExecutionOrchestrator.java:198)
	at org.junit.platform.launcher.core.EngineExecutionOrchestrator.execute(EngineExecutionOrchestrator.java:169)
	at org.junit.platform.launcher.core.EngineExecutionOrchestrator.execute(EngineExecutionOrchestrator.java:93)
	at org.junit.platform.launcher.core.EngineExecutionOrchestrator.lambda$execute$0(EngineExecutionOrchestrator.java:58)
	at org.junit.platform.launcher.core.EngineExecutionOrchestrator.withInterceptedStreams(EngineExecutionOrchestrator.java:141)
	at org.junit.platform.launcher.core.EngineExecutionOrchestrator.execute(EngineExecutionOrchestrator.java:57)
	at org.junit.platform.launcher.core.DefaultLauncher.execute(DefaultLauncher.java:103)
	at org.junit.platform.launcher.core.DefaultLauncher.execute(DefaultLauncher.java:85)
	at org.junit.platform.launcher.core.DelegatingLauncher.execute(DelegatingLauncher.java:47)
	at org.junit.platform.launcher.core.SessionPerRequestLauncher.execute(SessionPerRequestLauncher.java:63)
	at com.intellij.junit5.JUnit5IdeaTestRunner.startRunnerWithArgs(JUnit5IdeaTestRunner.java:57)
	at com.intellij.rt.junit.IdeaTestRunner$Repeater$1.execute(IdeaTestRunner.java:38)
	at com.intellij.rt.execution.junit.TestsRepeater.repeat(TestsRepeater.java:11)
	at com.intellij.rt.junit.IdeaTestRunner$Repeater.startRunnerWithArgs(IdeaTestRunner.java:35)
	at com.intellij.rt.junit.JUnitStarter.prepareStreamsAndStart(JUnitStarter.java:231)
	at com.intellij.rt.junit.JUnitStarter.main(JUnitStarter.java:55)
2025-09-12 22:03:55,838 DEBUG [main] BaseSaveServlet [ ] -
            BaseSaveServlet init: questService=QuestService$MockitoMock$P1Ht6THb, saveState=SaveStateService$MockitoMock$VW07qGcR, authoring=null
2025-09-12 22:03:55,839 DEBUG [main] BaseSaveServlet [ ] -
            BaseSaveServlet init: questService=QuestService$MockitoMock$P1Ht6THb, saveState=SaveStateService$MockitoMock$VW07qGcR, authoring=QuestAuthoringService
2025-09-12 22:03:55,844 DEBUG [main] BaseSaveServlet [ ] -
            buildSlotsAll userId=U total=10
2025-09-12 22:03:55,848 DEBUG [main] BaseSaveServlet [ ] -
            titleFor(main) nodeId=5 -> 'Hello'
2025-09-12 22:03:55,849 DEBUG [main] BaseSaveServlet [ ] -
            titleFor(main) nodeId=6 -> 'Node #6'
2025-09-12 22:03:55,851 DEBUG [main] BaseSaveServlet [ ] -
            titleFor(custom) questId=qid nodeId=42 -> 'Node 42 text'
2025-09-12 22:03:55,852 DEBUG [main] BaseSaveServlet [ ] -
            titleFor(custom) questId=qid nodeId=7 -> 'Node #7'
2025-09-12 22:03:55,852 DEBUG [main] BaseSaveServlet [ ] -
            titleFor(custom) authoring=null nodeId=8 -> 'Node #8'
2025-09-12 22:03:55,854 INFO [main] BaseSaveServlet [ ] -
            Auth required -> redirect to login next=/ctx/loads
2025-09-12 22:03:55,856 INFO [main] BaseSaveServlet [ ] -
            Auth required -> redirect to login next=/app/saves
2025-09-12 22:03:55,862 WARN [main] CreateQuestServlet [ ] -
            Create action missing
2025-09-12 22:03:55,863 DEBUG [main] CreateQuestServlet [ ] -
            CreateQuestServlet initialized
2025-09-12 22:03:55,897 INFO [main] CreateQuestServlet [ ] -
            Node saved id=5 final=true hasImage=true
2025-09-12 22:03:55,929 WARN [main] CreateQuestServlet [ ] -
            deleteNode: node not found id=15
2025-09-12 22:03:55,933 WARN [main] CreateQuestServlet [ ] -
            replaceNode denied: non-final node without options
2025-09-12 22:03:55,938 WARN [main] CreateQuestServlet [ ] -
            deleteNode: bad id 'X'
2025-09-12 22:03:55,944 WARN [main] CreateQuestServlet [ ] -
            Create operation failed: bad node
2025-09-12 22:03:55,949 WARN [main] CreateQuestServlet [ ] -
            Image upload error: Uploaded file is too large
2025-09-12 22:03:55,955 INFO [main] CreateQuestServlet [ ] -
            Node saved id=7 final=true hasImage=true
2025-09-12 22:03:55,959 INFO [main] CreateQuestServlet [ ] -
            Node deleted id=21
2025-09-12 22:03:55,969 DEBUG [main] CreateQuestServlet [ ] -
            Prefilled form from node id=10
2025-09-12 22:03:55,973 DEBUG [main] CreateQuestServlet [ ] -
            Prefilled form from node id=5
2025-09-12 22:03:55,981 DEBUG [main] CreateQuestServlet [ ] -
            Restored form from session
2025-09-12 22:03:55,987 WARN [main] CreateQuestServlet [ ] -
            Failed to load quest into editor questId=qid msg=boom
2025-09-12 22:03:55,992 INFO [main] CreateQuestServlet [ ] -
            Quest loaded into editor questId=qid
2025-09-12 22:03:55,997 INFO [main] CreateQuestServlet [ ] -
            Editor draft cleared (new). userSessionId=null
2025-09-12 22:03:56,000 ERROR [main] CreateQuestServlet [ ] -
            Initialization failed: QuestAuthoringService not found in context
java.lang.IllegalStateException: Context bean not found: authoringService
	at com.javarush.apalinskiy.web.util.Web.ctxBean(Web.java:204)
	at com.javarush.apalinskiy.web.util.Web.ctxBean(Web.java:200)
	at com.javarush.apalinskiy.web.servlet.CreateQuestServlet.init(CreateQuestServlet.java:38)
	at com.javarush.apalinskiy.web.servlet.CreateQuestServletTest$Init.lambda$init_missing$0(CreateQuestServletTest.java:101)
	at org.junit.jupiter.api.AssertThrows.assertThrows(AssertThrows.java:53)
	at org.junit.jupiter.api.AssertThrows.assertThrows(AssertThrows.java:35)
	at org.junit.jupiter.api.Assertions.assertThrows(Assertions.java:3115)
	at com.javarush.apalinskiy.web.servlet.CreateQuestServletTest$Init.init_missing(CreateQuestServletTest.java:99)
	at java.base/jdk.internal.reflect.DirectMethodHandleAccessor.invoke(DirectMethodHandleAccessor.java:103)
	at java.base/java.lang.reflect.Method.invoke(Method.java:580)
	at org.junit.platform.commons.util.ReflectionUtils.invokeMethod(ReflectionUtils.java:728)
	at org.junit.jupiter.engine.execution.MethodInvocation.proceed(MethodInvocation.java:60)
	at org.junit.jupiter.engine.execution.InvocationInterceptorChain$ValidatingInvocation.proceed(InvocationInterceptorChain.java:131)
	at org.junit.jupiter.engine.extension.TimeoutExtension.intercept(TimeoutExtension.java:156)
	at org.junit.jupiter.engine.extension.TimeoutExtension.interceptTestableMethod(TimeoutExtension.java:147)
	at org.junit.jupiter.engine.extension.TimeoutExtension.interceptTestMethod(TimeoutExtension.java:86)
	at org.junit.jupiter.engine.execution.InterceptingExecutableInvoker$ReflectiveInterceptorCall.lambda$ofVoidMethod$0(InterceptingExecutableInvoker.java:103)
	at org.junit.jupiter.engine.execution.InterceptingExecutableInvoker.lambda$invoke$0(InterceptingExecutableInvoker.java:93)
	at org.junit.jupiter.engine.execution.InvocationInterceptorChain$InterceptedInvocation.proceed(InvocationInterceptorChain.java:106)
	at org.junit.jupiter.engine.execution.InvocationInterceptorChain.proceed(InvocationInterceptorChain.java:64)
	at org.junit.jupiter.engine.execution.InvocationInterceptorChain.chainAndInvoke(InvocationInterceptorChain.java:45)
	at org.junit.jupiter.engine.execution.InvocationInterceptorChain.invoke(InvocationInterceptorChain.java:37)
	at org.junit.jupiter.engine.execution.InterceptingExecutableInvoker.invoke(InterceptingExecutableInvoker.java:92)
	at org.junit.jupiter.engine.execution.InterceptingExecutableInvoker.invoke(InterceptingExecutableInvoker.java:86)
	at org.junit.jupiter.engine.descriptor.TestMethodTestDescriptor.lambda$invokeTestMethod$7(TestMethodTestDescriptor.java:218)
	at org.junit.platform.engine.support.hierarchical.ThrowableCollector.execute(ThrowableCollector.java:73)
	at org.junit.jupiter.engine.descriptor.TestMethodTestDescriptor.invokeTestMethod(TestMethodTestDescriptor.java:214)
	at org.junit.jupiter.engine.descriptor.TestMethodTestDescriptor.execute(TestMethodTestDescriptor.java:139)
	at org.junit.jupiter.engine.descriptor.TestMethodTestDescriptor.execute(TestMethodTestDescriptor.java:69)
	at org.junit.platform.engine.support.hierarchical.NodeTestTask.lambda$executeRecursively$6(NodeTestTask.java:156)
	at org.junit.platform.engine.support.hierarchical.ThrowableCollector.execute(ThrowableCollector.java:73)
	at org.junit.platform.engine.support.hierarchical.NodeTestTask.lambda$executeRecursively$8(NodeTestTask.java:146)
	at org.junit.platform.engine.support.hierarchical.Node.around(Node.java:137)
	at org.junit.platform.engine.support.hierarchical.NodeTestTask.lambda$executeRecursively$9(NodeTestTask.java:144)
	at org.junit.platform.engine.support.hierarchical.ThrowableCollector.execute(ThrowableCollector.java:73)
	at org.junit.platform.engine.support.hierarchical.NodeTestTask.executeRecursively(NodeTestTask.java:143)
	at org.junit.platform.engine.support.hierarchical.NodeTestTask.execute(NodeTestTask.java:100)
	at java.base/java.util.ArrayList.forEach(ArrayList.java:1596)
	at org.junit.platform.engine.support.hierarchical.SameThreadHierarchicalTestExecutorService.invokeAll(SameThreadHierarchicalTestExecutorService.java:41)
	at org.junit.platform.engine.support.hierarchical.NodeTestTask.lambda$executeRecursively$6(NodeTestTask.java:160)
	at org.junit.platform.engine.support.hierarchical.ThrowableCollector.execute(ThrowableCollector.java:73)
	at org.junit.platform.engine.support.hierarchical.NodeTestTask.lambda$executeRecursively$8(NodeTestTask.java:146)
	at org.junit.platform.engine.support.hierarchical.Node.around(Node.java:137)
	at org.junit.platform.engine.support.hierarchical.NodeTestTask.lambda$executeRecursively$9(NodeTestTask.java:144)
	at org.junit.platform.engine.support.hierarchical.ThrowableCollector.execute(ThrowableCollector.java:73)
	at org.junit.platform.engine.support.hierarchical.NodeTestTask.executeRecursively(NodeTestTask.java:143)
	at org.junit.platform.engine.support.hierarchical.NodeTestTask.execute(NodeTestTask.java:100)
	at java.base/java.util.ArrayList.forEach(ArrayList.java:1596)
	at org.junit.platform.engine.support.hierarchical.SameThreadHierarchicalTestExecutorService.invokeAll(SameThreadHierarchicalTestExecutorService.java:41)
	at org.junit.platform.engine.support.hierarchical.NodeTestTask.lambda$executeRecursively$6(NodeTestTask.java:160)
	at org.junit.platform.engine.support.hierarchical.ThrowableCollector.execute(ThrowableCollector.java:73)
	at org.junit.platform.engine.support.hierarchical.NodeTestTask.lambda$executeRecursively$8(NodeTestTask.java:146)
	at org.junit.platform.engine.support.hierarchical.Node.around(Node.java:137)
	at org.junit.platform.engine.support.hierarchical.NodeTestTask.lambda$executeRecursively$9(NodeTestTask.java:144)
	at org.junit.platform.engine.support.hierarchical.ThrowableCollector.execute(ThrowableCollector.java:73)
	at org.junit.platform.engine.support.hierarchical.NodeTestTask.executeRecursively(NodeTestTask.java:143)
	at org.junit.platform.engine.support.hierarchical.NodeTestTask.execute(NodeTestTask.java:100)
	at java.base/java.util.ArrayList.forEach(ArrayList.java:1596)
	at org.junit.platform.engine.support.hierarchical.SameThreadHierarchicalTestExecutorService.invokeAll(SameThreadHierarchicalTestExecutorService.java:41)
	at org.junit.platform.engine.support.hierarchical.NodeTestTask.lambda$executeRecursively$6(NodeTestTask.java:160)
	at org.junit.platform.engine.support.hierarchical.ThrowableCollector.execute(ThrowableCollector.java:73)
	at org.junit.platform.engine.support.hierarchical.NodeTestTask.lambda$executeRecursively$8(NodeTestTask.java:146)
	at org.junit.platform.engine.support.hierarchical.Node.around(Node.java:137)
	at org.junit.platform.engine.support.hierarchical.NodeTestTask.lambda$executeRecursively$9(NodeTestTask.java:144)
	at org.junit.platform.engine.support.hierarchical.ThrowableCollector.execute(ThrowableCollector.java:73)
	at org.junit.platform.engine.support.hierarchical.NodeTestTask.executeRecursively(NodeTestTask.java:143)
	at org.junit.platform.engine.support.hierarchical.NodeTestTask.execute(NodeTestTask.java:100)
	at org.junit.platform.engine.support.hierarchical.SameThreadHierarchicalTestExecutorService.submit(SameThreadHierarchicalTestExecutorService.java:35)
	at org.junit.platform.engine.support.hierarchical.HierarchicalTestExecutor.execute(HierarchicalTestExecutor.java:57)
	at org.junit.platform.engine.support.hierarchical.HierarchicalTestEngine.execute(HierarchicalTestEngine.java:54)
	at org.junit.platform.launcher.core.EngineExecutionOrchestrator.execute(EngineExecutionOrchestrator.java:198)
	at org.junit.platform.launcher.core.EngineExecutionOrchestrator.execute(EngineExecutionOrchestrator.java:169)
	at org.junit.platform.launcher.core.EngineExecutionOrchestrator.execute(EngineExecutionOrchestrator.java:93)
	at org.junit.platform.launcher.core.EngineExecutionOrchestrator.lambda$execute$0(EngineExecutionOrchestrator.java:58)
	at org.junit.platform.launcher.core.EngineExecutionOrchestrator.withInterceptedStreams(EngineExecutionOrchestrator.java:141)
	at org.junit.platform.launcher.core.EngineExecutionOrchestrator.execute(EngineExecutionOrchestrator.java:57)
	at org.junit.platform.launcher.core.DefaultLauncher.execute(DefaultLauncher.java:103)
	at org.junit.platform.launcher.core.DefaultLauncher.execute(DefaultLauncher.java:85)
	at org.junit.platform.launcher.core.DelegatingLauncher.execute(DelegatingLauncher.java:47)
	at org.junit.platform.launcher.core.SessionPerRequestLauncher.execute(SessionPerRequestLauncher.java:63)
	at com.intellij.junit5.JUnit5IdeaTestRunner.startRunnerWithArgs(JUnit5IdeaTestRunner.java:57)
	at com.intellij.rt.junit.IdeaTestRunner$Repeater$1.execute(IdeaTestRunner.java:38)
	at com.intellij.rt.execution.junit.TestsRepeater.repeat(TestsRepeater.java:11)
	at com.intellij.rt.junit.IdeaTestRunner$Repeater.startRunnerWithArgs(IdeaTestRunner.java:35)
	at com.intellij.rt.junit.JUnitStarter.prepareStreamsAndStart(JUnitStarter.java:231)
	at com.intellij.rt.junit.JUnitStarter.main(JUnitStarter.java:55)
2025-09-12 22:03:56,001 DEBUG [main] CreateQuestServlet [ ] -
            CreateQuestServlet initialized
2025-09-12 22:03:56,005 DEBUG [main] AdminModerationGraphServlet [ ] -
            AdminModerationGraphServlet initialized
2025-09-12 22:03:56,006 WARN [main] AdminModerationGraphServlet [ ] -
            Preview 'new' not found pendingId=abc
2025-09-12 22:03:56,009 DEBUG [main] AdminModerationGraphServlet [ ] -
            AdminModerationGraphServlet initialized
2025-09-12 22:03:56,010 WARN [main] AdminModerationGraphServlet [ ] -
            Preview 'edit' not found questId=q1
2025-09-12 22:03:56,013 DEBUG [main] AdminModerationGraphServlet [ ] -
            AdminModerationGraphServlet initialized
2025-09-12 22:03:56,013 WARN [main] AdminModerationGraphServlet [ ] -
            Preview request with missing params kind=null id=null
2025-09-12 22:03:56,017 DEBUG [main] AdminModerationGraphServlet [ ] -
            AdminModerationGraphServlet initialized
2025-09-12 22:03:56,018 INFO [main] AdminModerationGraphServlet [ ] -
            Preview pending NEW pendingId=abc name='Cool' nodes=1 startId=11
2025-09-12 22:03:56,022 DEBUG [main] AdminModerationGraphServlet [ ] -
            AdminModerationGraphServlet initialized
2025-09-12 22:03:56,022 WARN [main] AdminModerationGraphServlet [ ] -
            Preview request with unknown kind kind=weird id=id1
2025-09-12 22:03:56,023 DEBUG [main] AdminModerationGraphServlet [ ] -
            AdminModerationGraphServlet initialized
2025-09-12 22:03:56,026 ERROR [main] AdminModerationGraphServlet [ ] -
            Initialization failed: QuestAuthoringService not found
java.lang.IllegalStateException: no bean
	at com.javarush.apalinskiy.web.util.Web.ctxBean(Web.java:200)
	at com.javarush.apalinskiy.web.servlet.AdminModerationGraphServlet.init(AdminModerationGraphServlet.java:33)
	at com.javarush.apalinskiy.web.servlet.AdminModerationGraphServletTest.lambda$init_missing_service$2(AdminModerationGraphServletTest.java:71)
	at org.junit.jupiter.api.AssertThrows.assertThrows(AssertThrows.java:53)
	at org.junit.jupiter.api.AssertThrows.assertThrows(AssertThrows.java:35)
	at org.junit.jupiter.api.Assertions.assertThrows(Assertions.java:3115)
	at com.javarush.apalinskiy.web.servlet.AdminModerationGraphServletTest.init_missing_service(AdminModerationGraphServletTest.java:71)
	at java.base/jdk.internal.reflect.DirectMethodHandleAccessor.invoke(DirectMethodHandleAccessor.java:103)
	at java.base/java.lang.reflect.Method.invoke(Method.java:580)
	at org.junit.platform.commons.util.ReflectionUtils.invokeMethod(ReflectionUtils.java:728)
	at org.junit.jupiter.engine.execution.MethodInvocation.proceed(MethodInvocation.java:60)
	at org.junit.jupiter.engine.execution.InvocationInterceptorChain$ValidatingInvocation.proceed(InvocationInterceptorChain.java:131)
	at org.junit.jupiter.engine.extension.TimeoutExtension.intercept(TimeoutExtension.java:156)
	at org.junit.jupiter.engine.extension.TimeoutExtension.interceptTestableMethod(TimeoutExtension.java:147)
	at org.junit.jupiter.engine.extension.TimeoutExtension.interceptTestMethod(TimeoutExtension.java:86)
	at org.junit.jupiter.engine.execution.InterceptingExecutableInvoker$ReflectiveInterceptorCall.lambda$ofVoidMethod$0(InterceptingExecutableInvoker.java:103)
	at org.junit.jupiter.engine.execution.InterceptingExecutableInvoker.lambda$invoke$0(InterceptingExecutableInvoker.java:93)
	at org.junit.jupiter.engine.execution.InvocationInterceptorChain$InterceptedInvocation.proceed(InvocationInterceptorChain.java:106)
	at org.junit.jupiter.engine.execution.InvocationInterceptorChain.proceed(InvocationInterceptorChain.java:64)
	at org.junit.jupiter.engine.execution.InvocationInterceptorChain.chainAndInvoke(InvocationInterceptorChain.java:45)
	at org.junit.jupiter.engine.execution.InvocationInterceptorChain.invoke(InvocationInterceptorChain.java:37)
	at org.junit.jupiter.engine.execution.InterceptingExecutableInvoker.invoke(InterceptingExecutableInvoker.java:92)
	at org.junit.jupiter.engine.execution.InterceptingExecutableInvoker.invoke(InterceptingExecutableInvoker.java:86)
	at org.junit.jupiter.engine.descriptor.TestMethodTestDescriptor.lambda$invokeTestMethod$7(TestMethodTestDescriptor.java:218)
	at org.junit.platform.engine.support.hierarchical.ThrowableCollector.execute(ThrowableCollector.java:73)
	at org.junit.jupiter.engine.descriptor.TestMethodTestDescriptor.invokeTestMethod(TestMethodTestDescriptor.java:214)
	at org.junit.jupiter.engine.descriptor.TestMethodTestDescriptor.execute(TestMethodTestDescriptor.java:139)
	at org.junit.jupiter.engine.descriptor.TestMethodTestDescriptor.execute(TestMethodTestDescriptor.java:69)
	at org.junit.platform.engine.support.hierarchical.NodeTestTask.lambda$executeRecursively$6(NodeTestTask.java:156)
	at org.junit.platform.engine.support.hierarchical.ThrowableCollector.execute(ThrowableCollector.java:73)
	at org.junit.platform.engine.support.hierarchical.NodeTestTask.lambda$executeRecursively$8(NodeTestTask.java:146)
	at org.junit.platform.engine.support.hierarchical.Node.around(Node.java:137)
	at org.junit.platform.engine.support.hierarchical.NodeTestTask.lambda$executeRecursively$9(NodeTestTask.java:144)
	at org.junit.platform.engine.support.hierarchical.ThrowableCollector.execute(ThrowableCollector.java:73)
	at org.junit.platform.engine.support.hierarchical.NodeTestTask.executeRecursively(NodeTestTask.java:143)
	at org.junit.platform.engine.support.hierarchical.NodeTestTask.execute(NodeTestTask.java:100)
	at java.base/java.util.ArrayList.forEach(ArrayList.java:1596)
	at org.junit.platform.engine.support.hierarchical.SameThreadHierarchicalTestExecutorService.invokeAll(SameThreadHierarchicalTestExecutorService.java:41)
	at org.junit.platform.engine.support.hierarchical.NodeTestTask.lambda$executeRecursively$6(NodeTestTask.java:160)
	at org.junit.platform.engine.support.hierarchical.ThrowableCollector.execute(ThrowableCollector.java:73)
	at org.junit.platform.engine.support.hierarchical.NodeTestTask.lambda$executeRecursively$8(NodeTestTask.java:146)
	at org.junit.platform.engine.support.hierarchical.Node.around(Node.java:137)
	at org.junit.platform.engine.support.hierarchical.NodeTestTask.lambda$executeRecursively$9(NodeTestTask.java:144)
	at org.junit.platform.engine.support.hierarchical.ThrowableCollector.execute(ThrowableCollector.java:73)
	at org.junit.platform.engine.support.hierarchical.NodeTestTask.executeRecursively(NodeTestTask.java:143)
	at org.junit.platform.engine.support.hierarchical.NodeTestTask.execute(NodeTestTask.java:100)
	at java.base/java.util.ArrayList.forEach(ArrayList.java:1596)
	at org.junit.platform.engine.support.hierarchical.SameThreadHierarchicalTestExecutorService.invokeAll(SameThreadHierarchicalTestExecutorService.java:41)
	at org.junit.platform.engine.support.hierarchical.NodeTestTask.lambda$executeRecursively$6(NodeTestTask.java:160)
	at org.junit.platform.engine.support.hierarchical.ThrowableCollector.execute(ThrowableCollector.java:73)
	at org.junit.platform.engine.support.hierarchical.NodeTestTask.lambda$executeRecursively$8(NodeTestTask.java:146)
	at org.junit.platform.engine.support.hierarchical.Node.around(Node.java:137)
	at org.junit.platform.engine.support.hierarchical.NodeTestTask.lambda$executeRecursively$9(NodeTestTask.java:144)
	at org.junit.platform.engine.support.hierarchical.ThrowableCollector.execute(ThrowableCollector.java:73)
	at org.junit.platform.engine.support.hierarchical.NodeTestTask.executeRecursively(NodeTestTask.java:143)
	at org.junit.platform.engine.support.hierarchical.NodeTestTask.execute(NodeTestTask.java:100)
	at org.junit.platform.engine.support.hierarchical.SameThreadHierarchicalTestExecutorService.submit(SameThreadHierarchicalTestExecutorService.java:35)
	at org.junit.platform.engine.support.hierarchical.HierarchicalTestExecutor.execute(HierarchicalTestExecutor.java:57)
	at org.junit.platform.engine.support.hierarchical.HierarchicalTestEngine.execute(HierarchicalTestEngine.java:54)
	at org.junit.platform.launcher.core.EngineExecutionOrchestrator.execute(EngineExecutionOrchestrator.java:198)
	at org.junit.platform.launcher.core.EngineExecutionOrchestrator.execute(EngineExecutionOrchestrator.java:169)
	at org.junit.platform.launcher.core.EngineExecutionOrchestrator.execute(EngineExecutionOrchestrator.java:93)
	at org.junit.platform.launcher.core.EngineExecutionOrchestrator.lambda$execute$0(EngineExecutionOrchestrator.java:58)
	at org.junit.platform.launcher.core.EngineExecutionOrchestrator.withInterceptedStreams(EngineExecutionOrchestrator.java:141)
	at org.junit.platform.launcher.core.EngineExecutionOrchestrator.execute(EngineExecutionOrchestrator.java:57)
	at org.junit.platform.launcher.core.DefaultLauncher.execute(DefaultLauncher.java:103)
	at org.junit.platform.launcher.core.DefaultLauncher.execute(DefaultLauncher.java:85)
	at org.junit.platform.launcher.core.DelegatingLauncher.execute(DelegatingLauncher.java:47)
	at org.junit.platform.launcher.core.SessionPerRequestLauncher.execute(SessionPerRequestLauncher.java:63)
	at com.intellij.junit5.JUnit5IdeaTestRunner.startRunnerWithArgs(JUnit5IdeaTestRunner.java:57)
	at com.intellij.rt.junit.IdeaTestRunner$Repeater$1.execute(IdeaTestRunner.java:38)
	at com.intellij.rt.execution.junit.TestsRepeater.repeat(TestsRepeater.java:11)
	at com.intellij.rt.junit.IdeaTestRunner$Repeater.startRunnerWithArgs(IdeaTestRunner.java:35)
	at com.intellij.rt.junit.JUnitStarter.prepareStreamsAndStart(JUnitStarter.java:231)
	at com.intellij.rt.junit.JUnitStarter.main(JUnitStarter.java:55)
2025-09-12 22:03:56,030 DEBUG [main] AdminModerationGraphServlet [ ] -
            AdminModerationGraphServlet initialized
2025-09-12 22:03:56,031 INFO [main] AdminModerationGraphServlet [ ] -
            Preview pending EDIT questId=q1 name='Edited' nodes=1 startId=5
2025-09-12 22:03:56,058 WARN [main] PublishServlet [ ] -
            Publish POST failed by=userLogin reason=Start node is not set.
2025-09-12 22:03:56,061 INFO [main] PublishServlet [ ] -
            Quest submitted for moderation by ownerLogin=anonymous name='Anon Quest'
2025-09-12 22:03:56,064 INFO [main] PublishServlet [ ] -
            Quest published by admin ownerLogin=adminLogin userId=adminId name='Quest OK'
2025-09-12 22:03:56,066 WARN [main] PublishServlet [ ] -
            Publish POST: too long quest name (len=101) by=null
2025-09-12 22:03:56,068 INFO [main] PublishServlet [ ] -
            Quest submitted for moderation by ownerLogin=userLogin name='New Quest'
2025-09-12 22:03:56,071 WARN [main] PublishServlet [ ] -
            Publish POST: empty quest name by=null
2025-09-12 22:03:56,076 INFO [main] PublishServlet [ ] -
            Quest update submitted questId=Q3 by=adminLogin isAdmin=true
2025-09-12 22:03:56,078 INFO [main] PublishServlet [ ] -
            Quest update submitted questId=Q1 by=uLogin isAdmin=false
2025-09-12 22:03:56,081 INFO [main] PublishServlet [ ] -
            Quest update submitted questId=Q2 by=adminLogin isAdmin=true
2025-09-12 22:03:56,081 INFO [main] PublishServlet [ ] -
            Owner notified about admin update questId=Q2 ownerLogin=ownerLogin
2025-09-12 22:03:56,084 DEBUG [main] PublishServlet [ ] -
            Publish GET allowed (draft valid)
2025-09-12 22:03:56,087 WARN [main] PublishServlet [ ] -
            Publish GET blocked: You can't go to the publication: err1 err2 (userId=anon)
2025-09-12 22:03:56,090 WARN [main] AdminOnlyFilter [ ] -
            Access denied: anonymous user tried to access null
2025-09-12 22:03:56,093 INFO [main] AdminOnlyFilter [ ] -
            Admin access granted id=3714c60e-7f8e-457a-b5c9-be66f2f00a7c login='a' path=null
2025-09-12 22:03:56,095 WARN [main] AdminOnlyFilter [ ] -
            Access denied: user id=670916bd-d321-47f8-b69b-bbae680e629c login='u' role=USER tried to access null
2025-09-12 22:03:56,122 DEBUG [main] NotificationsServlet [ ] -
            NotificationsServlet initialized with NotificationRepository=NotificationRepository$MockitoMock$v6iemOfc
2025-09-12 22:03:56,125 INFO [main] NotificationsServlet [ ] -
            Notification marked as read userId=u1 notificationId=n1
2025-09-12 22:03:56,128 DEBUG [main] NotificationsServlet [ ] -
            NotificationsServlet initialized with NotificationRepository=NotificationRepository$MockitoMock$v6iemOfc
2025-09-12 22:03:56,129 WARN [main] NotificationsServlet [ ] -
            Unauthorized access to notifications, redirecting to login
2025-09-12 22:03:56,133 DEBUG [main] NotificationsServlet [ ] -
            NotificationsServlet initialized with NotificationRepository=NotificationRepository$MockitoMock$v6iemOfc
2025-09-12 22:03:56,133 INFO [main] NotificationsServlet [ ] -
            Notification marked as read userId=null notificationId=null
2025-09-12 22:03:56,138 DEBUG [main] NotificationsServlet [ ] -
            NotificationsServlet initialized with NotificationRepository=NotificationRepository$MockitoMock$v6iemOfc
2025-09-12 22:03:56,141 INFO [main] NotificationsServlet [ ] -
            All notifications cleared userId=u1
2025-09-12 22:03:56,145 DEBUG [main] NotificationsServlet [ ] -
            NotificationsServlet initialized with NotificationRepository=NotificationRepository$MockitoMock$v6iemOfc
2025-09-12 22:03:56,147 INFO [main] NotificationsServlet [ ] -
            All notifications marked as read userId=u1
2025-09-12 22:03:56,150 DEBUG [main] NotificationsServlet [ ] -
            NotificationsServlet initialized with NotificationRepository=NotificationRepository$MockitoMock$v6iemOfc
2025-09-12 22:03:56,153 ERROR [main] NotificationsServlet [ ] -
            Notifications POST error userId=u1 action=markAll
java.lang.RuntimeException: boom
	at com.javarush.apalinskiy.web.servlet.NotificationsServlet.doPost(NotificationsServlet.java:60)
	at com.javarush.apalinskiy.web.servlet.NotificationsServletTest$DoPost.repoThrows(NotificationsServletTest.java:312)
	at java.base/jdk.internal.reflect.DirectMethodHandleAccessor.invoke(DirectMethodHandleAccessor.java:103)
	at java.base/java.lang.reflect.Method.invoke(Method.java:580)
	at org.junit.platform.commons.util.ReflectionUtils.invokeMethod(ReflectionUtils.java:728)
	at org.junit.jupiter.engine.execution.MethodInvocation.proceed(MethodInvocation.java:60)
	at org.junit.jupiter.engine.execution.InvocationInterceptorChain$ValidatingInvocation.proceed(InvocationInterceptorChain.java:131)
	at org.junit.jupiter.engine.extension.TimeoutExtension.intercept(TimeoutExtension.java:156)
	at org.junit.jupiter.engine.extension.TimeoutExtension.interceptTestableMethod(TimeoutExtension.java:147)
	at org.junit.jupiter.engine.extension.TimeoutExtension.interceptTestMethod(TimeoutExtension.java:86)
	at org.junit.jupiter.engine.execution.InterceptingExecutableInvoker$ReflectiveInterceptorCall.lambda$ofVoidMethod$0(InterceptingExecutableInvoker.java:103)
	at org.junit.jupiter.engine.execution.InterceptingExecutableInvoker.lambda$invoke$0(InterceptingExecutableInvoker.java:93)
	at org.junit.jupiter.engine.execution.InvocationInterceptorChain$InterceptedInvocation.proceed(InvocationInterceptorChain.java:106)
	at org.junit.jupiter.engine.execution.InvocationInterceptorChain.proceed(InvocationInterceptorChain.java:64)
	at org.junit.jupiter.engine.execution.InvocationInterceptorChain.chainAndInvoke(InvocationInterceptorChain.java:45)
	at org.junit.jupiter.engine.execution.InvocationInterceptorChain.invoke(InvocationInterceptorChain.java:37)
	at org.junit.jupiter.engine.execution.InterceptingExecutableInvoker.invoke(InterceptingExecutableInvoker.java:92)
	at org.junit.jupiter.engine.execution.InterceptingExecutableInvoker.invoke(InterceptingExecutableInvoker.java:86)
	at org.junit.jupiter.engine.descriptor.TestMethodTestDescriptor.lambda$invokeTestMethod$7(TestMethodTestDescriptor.java:218)
	at org.junit.platform.engine.support.hierarchical.ThrowableCollector.execute(ThrowableCollector.java:73)
	at org.junit.jupiter.engine.descriptor.TestMethodTestDescriptor.invokeTestMethod(TestMethodTestDescriptor.java:214)
	at org.junit.jupiter.engine.descriptor.TestMethodTestDescriptor.execute(TestMethodTestDescriptor.java:139)
	at org.junit.jupiter.engine.descriptor.TestMethodTestDescriptor.execute(TestMethodTestDescriptor.java:69)
	at org.junit.platform.engine.support.hierarchical.NodeTestTask.lambda$executeRecursively$6(NodeTestTask.java:156)
	at org.junit.platform.engine.support.hierarchical.ThrowableCollector.execute(ThrowableCollector.java:73)
	at org.junit.platform.engine.support.hierarchical.NodeTestTask.lambda$executeRecursively$8(NodeTestTask.java:146)
	at org.junit.platform.engine.support.hierarchical.Node.around(Node.java:137)
	at org.junit.platform.engine.support.hierarchical.NodeTestTask.lambda$executeRecursively$9(NodeTestTask.java:144)
	at org.junit.platform.engine.support.hierarchical.ThrowableCollector.execute(ThrowableCollector.java:73)
	at org.junit.platform.engine.support.hierarchical.NodeTestTask.executeRecursively(NodeTestTask.java:143)
	at org.junit.platform.engine.support.hierarchical.NodeTestTask.execute(NodeTestTask.java:100)
	at java.base/java.util.ArrayList.forEach(ArrayList.java:1596)
	at org.junit.platform.engine.support.hierarchical.SameThreadHierarchicalTestExecutorService.invokeAll(SameThreadHierarchicalTestExecutorService.java:41)
	at org.junit.platform.engine.support.hierarchical.NodeTestTask.lambda$executeRecursively$6(NodeTestTask.java:160)
	at org.junit.platform.engine.support.hierarchical.ThrowableCollector.execute(ThrowableCollector.java:73)
	at org.junit.platform.engine.support.hierarchical.NodeTestTask.lambda$executeRecursively$8(NodeTestTask.java:146)
	at org.junit.platform.engine.support.hierarchical.Node.around(Node.java:137)
	at org.junit.platform.engine.support.hierarchical.NodeTestTask.lambda$executeRecursively$9(NodeTestTask.java:144)
	at org.junit.platform.engine.support.hierarchical.ThrowableCollector.execute(ThrowableCollector.java:73)
	at org.junit.platform.engine.support.hierarchical.NodeTestTask.executeRecursively(NodeTestTask.java:143)
	at org.junit.platform.engine.support.hierarchical.NodeTestTask.execute(NodeTestTask.java:100)
	at java.base/java.util.ArrayList.forEach(ArrayList.java:1596)
	at org.junit.platform.engine.support.hierarchical.SameThreadHierarchicalTestExecutorService.invokeAll(SameThreadHierarchicalTestExecutorService.java:41)
	at org.junit.platform.engine.support.hierarchical.NodeTestTask.lambda$executeRecursively$6(NodeTestTask.java:160)
	at org.junit.platform.engine.support.hierarchical.ThrowableCollector.execute(ThrowableCollector.java:73)
	at org.junit.platform.engine.support.hierarchical.NodeTestTask.lambda$executeRecursively$8(NodeTestTask.java:146)
	at org.junit.platform.engine.support.hierarchical.Node.around(Node.java:137)
	at org.junit.platform.engine.support.hierarchical.NodeTestTask.lambda$executeRecursively$9(NodeTestTask.java:144)
	at org.junit.platform.engine.support.hierarchical.ThrowableCollector.execute(ThrowableCollector.java:73)
	at org.junit.platform.engine.support.hierarchical.NodeTestTask.executeRecursively(NodeTestTask.java:143)
	at org.junit.platform.engine.support.hierarchical.NodeTestTask.execute(NodeTestTask.java:100)
	at java.base/java.util.ArrayList.forEach(ArrayList.java:1596)
	at org.junit.platform.engine.support.hierarchical.SameThreadHierarchicalTestExecutorService.invokeAll(SameThreadHierarchicalTestExecutorService.java:41)
	at org.junit.platform.engine.support.hierarchical.NodeTestTask.lambda$executeRecursively$6(NodeTestTask.java:160)
	at org.junit.platform.engine.support.hierarchical.ThrowableCollector.execute(ThrowableCollector.java:73)
	at org.junit.platform.engine.support.hierarchical.NodeTestTask.lambda$executeRecursively$8(NodeTestTask.java:146)
	at org.junit.platform.engine.support.hierarchical.Node.around(Node.java:137)
	at org.junit.platform.engine.support.hierarchical.NodeTestTask.lambda$executeRecursively$9(NodeTestTask.java:144)
	at org.junit.platform.engine.support.hierarchical.ThrowableCollector.execute(ThrowableCollector.java:73)
	at org.junit.platform.engine.support.hierarchical.NodeTestTask.executeRecursively(NodeTestTask.java:143)
	at org.junit.platform.engine.support.hierarchical.NodeTestTask.execute(NodeTestTask.java:100)
	at org.junit.platform.engine.support.hierarchical.SameThreadHierarchicalTestExecutorService.submit(SameThreadHierarchicalTestExecutorService.java:35)
	at org.junit.platform.engine.support.hierarchical.HierarchicalTestExecutor.execute(HierarchicalTestExecutor.java:57)
	at org.junit.platform.engine.support.hierarchical.HierarchicalTestEngine.execute(HierarchicalTestEngine.java:54)
	at org.junit.platform.launcher.core.EngineExecutionOrchestrator.execute(EngineExecutionOrchestrator.java:198)
	at org.junit.platform.launcher.core.EngineExecutionOrchestrator.execute(EngineExecutionOrchestrator.java:169)
	at org.junit.platform.launcher.core.EngineExecutionOrchestrator.execute(EngineExecutionOrchestrator.java:93)
	at org.junit.platform.launcher.core.EngineExecutionOrchestrator.lambda$execute$0(EngineExecutionOrchestrator.java:58)
	at org.junit.platform.launcher.core.EngineExecutionOrchestrator.withInterceptedStreams(EngineExecutionOrchestrator.java:141)
	at org.junit.platform.launcher.core.EngineExecutionOrchestrator.execute(EngineExecutionOrchestrator.java:57)
	at org.junit.platform.launcher.core.DefaultLauncher.execute(DefaultLauncher.java:103)
	at org.junit.platform.launcher.core.DefaultLauncher.execute(DefaultLauncher.java:85)
	at org.junit.platform.launcher.core.DelegatingLauncher.execute(DelegatingLauncher.java:47)
	at org.junit.platform.launcher.core.SessionPerRequestLauncher.execute(SessionPerRequestLauncher.java:63)
	at com.intellij.junit5.JUnit5IdeaTestRunner.startRunnerWithArgs(JUnit5IdeaTestRunner.java:57)
	at com.intellij.rt.junit.IdeaTestRunner$Repeater$1.execute(IdeaTestRunner.java:38)
	at com.intellij.rt.execution.junit.TestsRepeater.repeat(TestsRepeater.java:11)
	at com.intellij.rt.junit.IdeaTestRunner$Repeater.startRunnerWithArgs(IdeaTestRunner.java:35)
	at com.intellij.rt.junit.JUnitStarter.prepareStreamsAndStart(JUnitStarter.java:231)
	at com.intellij.rt.junit.JUnitStarter.main(JUnitStarter.java:55)
2025-09-12 22:03:56,156 DEBUG [main] NotificationsServlet [ ] -
            NotificationsServlet initialized with NotificationRepository=NotificationRepository$MockitoMock$v6iemOfc
2025-09-12 22:03:56,156 WARN [main] NotificationsServlet [ ] -
            Unknown action in notifications userId=null action=???
2025-09-12 22:03:56,160 DEBUG [main] NotificationsServlet [ ] -
            NotificationsServlet initialized with NotificationRepository=NotificationRepository$MockitoMock$v6iemOfc
2025-09-12 22:03:56,160 DEBUG [main] NotificationsServlet [ ] -
            Notifications page userId=u1 limit=20 offset=5
2025-09-12 22:03:56,164 DEBUG [main] NotificationsServlet [ ] -
            NotificationsServlet initialized with NotificationRepository=NotificationRepository$MockitoMock$v6iemOfc
2025-09-12 22:03:56,167 WARN [main] NotificationsServlet [ ] -
            Unauthorized access to notifications, redirecting to login
2025-09-12 22:03:56,174 DEBUG [main] NotificationsServlet [ ] -
            NotificationsServlet initialized with NotificationRepository=NotificationRepository$MockitoMock$v6iemOfc
2025-09-12 22:03:56,188 DEBUG [main] InMemoryFriendRepository [ ] -
            outgoing userId=none size=0
2025-09-12 22:03:56,189 DEBUG [main] InMemoryFriendRepository [ ] -
            saveRequest from=me to=u1
2025-09-12 22:03:56,189 DEBUG [main] InMemoryFriendRepository [ ] -
            saveRequest from=me to=u2
2025-09-12 22:03:56,189 DEBUG [main] InMemoryFriendRepository [ ] -
            saveRequest from=other to=me
2025-09-12 22:03:56,189 DEBUG [main] InMemoryFriendRepository [ ] -
            outgoing userId=me size=2
2025-09-12 22:03:56,191 DEBUG [main] InMemoryFriendRepository [ ] -
            incoming userId=ghost size=0
2025-09-12 22:03:56,192 DEBUG [main] InMemoryFriendRepository [ ] -
            saveRequest from=a to=u
2025-09-12 22:03:56,192 DEBUG [main] InMemoryFriendRepository [ ] -
            saveRequest from=b to=u
2025-09-12 22:03:56,192 DEBUG [main] InMemoryFriendRepository [ ] -
            incoming userId=u size=2
2025-09-12 22:03:56,194 DEBUG [main] InMemoryFriendRepository [ ] -
            saveRequest from=a to=b
2025-09-12 22:03:56,195 DEBUG [main] InMemoryFriendRepository [ ] -
            removeRequest from=a to=b (removed)
2025-09-12 22:03:56,195 DEBUG [main] InMemoryFriendRepository [ ] -
            findPending from=a to=b found=false
2025-09-12 22:03:56,196 DEBUG [main] InMemoryFriendRepository [ ] -
            saveRequest from=a to=b
2025-09-12 22:03:56,196 WARN [main] InMemoryFriendRepository [ ] -
            saveRequest overwritten existing request from=a to=b
2025-09-12 22:03:56,196 DEBUG [main] InMemoryFriendRepository [ ] -
            findPending from=a to=b found=true
2025-09-12 22:03:56,196 DEBUG [main] InMemoryFriendRepository [ ] -
            saveRequest from=a to=b
2025-09-12 22:03:56,197 DEBUG [main] InMemoryFriendRepository [ ] -
            findPending from=a to=b found=true
2025-09-12 22:03:56,197 DEBUG [main] InMemoryFriendRepository [ ] -
            friendsOf userId=nouser size=0
2025-09-12 22:03:56,200 DEBUG [main] InMemoryFriendRepository [ ] -
            addFriendship a=x b=y (now friends)
2025-09-12 22:03:56,201 DEBUG [main] InMemoryFriendRepository [ ] -
            removeFriendship a=x b=y (removed)
2025-09-12 22:03:56,201 DEBUG [main] InMemoryFriendRepository [ ] -
            areFriends a=x b=y -> false
2025-09-12 22:03:56,201 DEBUG [main] InMemoryFriendRepository [ ] -
            friendsOf userId=x size=0
2025-09-12 22:03:56,201 DEBUG [main] InMemoryFriendRepository [ ] -
            friendsOf userId=y size=0
2025-09-12 22:03:56,202 DEBUG [main] InMemoryFriendRepository [ ] -
            addFriendship a=a b=b (now friends)
2025-09-12 22:03:56,202 WARN [main] InMemoryFriendRepository [ ] -
            removeFriendship skipped: not friends a=ghost b=a
2025-09-12 22:03:56,202 DEBUG [main] InMemoryFriendRepository [ ] -
            areFriends a=a b=b -> true
2025-09-12 22:03:56,203 DEBUG [main] InMemoryFriendRepository [ ] -
            addFriendship a=u1 b=u2 (now friends)
2025-09-12 22:03:56,203 DEBUG [main] InMemoryFriendRepository [ ] -
            friendsOf userId=u1 size=1
2025-09-12 22:03:56,203 DEBUG [main] InMemoryFriendRepository [ ] -
            friendsOf userId=u2 size=1
2025-09-12 22:03:56,204 DEBUG [main] InMemoryFriendRepository [ ] -
            addFriendship a=u1 b=u2 (now friends)
2025-09-12 22:03:56,204 DEBUG [main] InMemoryFriendRepository [ ] -
            addFriendship a=u1 b=u2 (now friends)
2025-09-12 22:03:56,204 DEBUG [main] InMemoryFriendRepository [ ] -
            friendsOf userId=u1 size=1
2025-09-12 22:03:56,204 DEBUG [main] InMemoryFriendRepository [ ] -
            friendsOf userId=u2 size=1
2025-09-12 22:03:56,205 DEBUG [main] InMemoryFriendRepository [ ] -
            areFriends a=a b=b -> false
2025-09-12 22:03:56,205 DEBUG [main] InMemoryFriendRepository [ ] -
            addFriendship a=a b=b (now friends)
2025-09-12 22:03:56,205 DEBUG [main] InMemoryFriendRepository [ ] -
            areFriends a=a b=b -> true
2025-09-12 22:03:56,205 DEBUG [main] InMemoryFriendRepository [ ] -
            areFriends a=b b=a -> true
2025-09-12 22:03:56,236 INFO [main] DefaultUserService [ ] -
            User updated by admin id=id role=USER login='login' name='Name'
2025-09-12 22:03:56,237 INFO [main] DefaultUserService [ ] -
            User updated by admin id=id role=ADMIN login='newlogin' name='New Name'
2025-09-12 22:03:56,240 WARN [main] DefaultUserService [ ] -
            adminUpdate denied: user not found id=id
2025-09-12 22:03:56,241 INFO [main] DefaultUserService [ ] -
            User updated by admin id=id role=ADMIN login='login' name='Name'
2025-09-12 22:03:56,242 WARN [main] DefaultUserService [ ] -
            adminUpdate denied: blank name/login userId=id
2025-09-12 22:03:56,243 WARN [main] DefaultUserService [ ] -
            adminUpdate denied: blank name/login userId=id
2025-09-12 22:03:56,244 WARN [main] DefaultUserService [ ] -
            adminUpdate denied: new password too short userId=id
2025-09-12 22:03:56,245 WARN [main] DefaultUserService [ ] -
            adminUpdate denied: new password same as current userId=id
2025-09-12 22:03:56,248 INFO [main] DefaultUserService [ ] -
            User password changed id=id
2025-09-12 22:03:56,250 WARN [main] DefaultUserService [ ] -
            changePassword denied: invalid new password userId=id
2025-09-12 22:03:56,250 WARN [main] DefaultUserService [ ] -
            changePassword denied: invalid new password userId=id
2025-09-12 22:03:56,252 WARN [main] DefaultUserService [ ] -
            changePassword denied: user not found id=id
2025-09-12 22:03:56,254 WARN [main] DefaultUserService [ ] -
            changePassword denied: incorrect current password userId=id
2025-09-12 22:03:56,257 INFO [main] DefaultUserService [ ] -
            User profile updated id=id newDisplayName='  New Name '
2025-09-12 22:03:56,258 WARN [main] DefaultUserService [ ] -
            updateProfile denied: user not found id=id
2025-09-12 22:03:56,259 WARN [main] DefaultUserService [ ] -
            updateProfile denied: blank displayName userId=id
2025-09-12 22:03:56,261 DEBUG [main] DefaultUserService [ ] -
            findById id=id found=true
2025-09-12 22:03:56,262 DEBUG [main] DefaultUserService [ ] -
            findAll size=1
2025-09-12 22:03:56,263 DEBUG [main] DefaultUserService [ ] -
            findByLogin login='x' found=true
2025-09-12 22:03:56,265 WARN [main] DefaultUserService [ ] -
            User login failed login='john'
2025-09-12 22:03:56,265 WARN [main] DefaultUserService [ ] -
            User login failed login='ghost'
2025-09-12 22:03:56,266 INFO [main] DefaultUserService [ ] -
            User login success login='john' id=id1
2025-09-12 22:03:56,269 WARN [main] DefaultUserService [ ] -
            Duplicate userId=a786f764-d686-423a-8f37-3962302fffce on register, retrying...
2025-09-12 22:03:56,269 INFO [main] DefaultUserService [ ] -
            User registered id=6acf8ee7-8f53-437d-adfa-0b4fed0898b6 login='bob' role=USER
2025-09-12 22:03:56,271 WARN [main] DefaultUserService [ ] -
            Duplicate userId=2462942e-a928-4412-bdf0-9a25b8771fb7 on register, retrying...
2025-09-12 22:03:56,271 WARN [main] DefaultUserService [ ] -
            Duplicate userId=28c2ff70-218f-4e27-8a0f-0b267bf8f05b on register, retrying...
2025-09-12 22:03:56,271 WARN [main] DefaultUserService [ ] -
            Duplicate userId=9037ab5c-1e94-4f42-ae61-92a61aa689ab on register, retrying...
2025-09-12 22:03:56,272 ERROR [main] DefaultUserService [ ] -
            Failed to generate unique userId for login='c' after 3 retries
2025-09-12 22:03:56,274 INFO [main] DefaultUserService [ ] -
            User registered id=c797ad35-0571-48a2-b906-83f0d0a96fe1 login='alice' role=USER
